Title,Authors,Method,Method family,Pretraining datasets,Evaluation datasets,All datasets,Year,Venue,Is NeurIPS,Publication status,DOI,arXiv ID,Paper URL,Code URL,Dataset notes,Verified as of
Beyond reconstruction: Enhancing masked autoencoders with contrastive learning for video representation learning,"Yawei Feng, Lijun Guo, Guitao Yu, Rong Zhang, Jiangbo Qian, Chong Wang, Shangce Gao",Beyond Reconstruction (BR),Other / Hybrid,Kinetics-400; Something-Something V2,Kinetics-400; Something-Something V2,Kinetics-400; Something-Something V2,2026,"Engineering Applications of Artificial Intelligence, volume 171, article 114283 (2026)",No,peer_reviewed,10.1016/j.engappai.2026.114283,,https://doi.org/10.1016/j.engappai.2026.114283,,"Accessible implementation metadata explicitly names Kinetics-400 and Something-Something V2. The publisher abstract also reports video object segmentation but does not expose the segmentation dataset name, so no dataset was guessed.",2026-08-11
BIMM: Brain Inspired Masked Modeling for Video Representation Learning,"Zhifan Wan, Jie Zhang, Changzhen Li, Shiguang Shan",BIMM,Generative / Masked,ImageNet-1K; Kinetics-400; Something-Something V2; UCF101,ImageNet-1K; Kinetics-400; Something-Something V2; UCF101; HMDB51; AVA v2.2; COCO; ADE20K,ImageNet-1K; Kinetics-400; Something-Something V2; UCF101; HMDB51; AVA v2.2; COCO; ADE20K,2026,IEEE Transactions on Circuits and Systems for Video Technology 2026,No,peer_reviewed,10.1109/TCSVT.2026.3683701,2405.12757,https://ieeexplore.ieee.org/document/11481118/,,,2026-08-11
Depth-Wise Representation Development Under Blockwise Self-Supervised Learning for Video Vision Transformers,"Jonas Römer, Timo Dickscheid",Blockwise SSL VideoMAE (BWSSL),Generative / Masked,UCF101,UCF101; Synthetic drifting-grating probes,UCF101; Synthetic drifting-grating probes,2026,arXiv preprint,No,preprint,,2601.09040,https://arxiv.org/abs/2601.09040,https://github.com/JosRor/BWSSL-for-Video-ViTs,UCF101 is used for pretraining and downstream probing. Synthetic drifting-grating clips are generated by the study and are not a named external dataset.,2026-08-11
Dual Perspectives on Non-Contrastive Self-Supervised Learning,"Jean Ponce, Martial Hebert, Basile Terver ;",Dual-Perspective Non-Contrastive SSL Analysis,Contrastive,Kinetics-710; Something-Something V2; Synthetic linear data,Kinetics-400; Something-Something V2; Synthetic linear data,Kinetics-710; Something-Something V2; Synthetic linear data; Kinetics-400,2026,ICLR 2026,No,peer_reviewed,,2507.01028,https://openreview.net/forum?id=f5MC1G6XhB,,,2026-08-11
Factorized Latent Dynamics for Video JEPA: An Empirical Study of Auxiliary Objectives,Santosh Premi,FWM-HW-LD,Pretext / Predictive,UCF101; Something-Something V2; ImageNet-100,Diving48; Something-Something V2; ImageNet-100,UCF101; Something-Something V2; ImageNet-100; Diving48,2026,arXiv preprint,No,preprint,,2605.17165,https://arxiv.org/abs/2605.17165,https://github.com/santoshpremi/Factorized-Latent-Dynamics-for-Video-JEPA-An-Empirical-Study-of-Auxiliary-Objectives,"The paper compares a UCF101-only pretraining regime with a mixed UCF101, Something-Something V2, and ImageNet-100 regime. Frozen evaluation uses Diving48, Something-Something V2, and ImageNet-100.",2026-08-11
From Static to Dynamic: Exploring Self-supervised Image-to-Video Representation Transfer Learning,"Yang Liu, Qianqian Xu, Peisong Wen, Siran Dai, Xilin Zhao, Qingming Huang",Co-Settle,Pretext / Predictive,Kinetics-400,VIP; DAVIS 2017; JHMDB; Breakfast; UCF101; HMDB51; Something-Something V2; Chiral Something-Something V2; BADJA; TAP-DAVIS; Kinetics-400,Kinetics-400; ImageNet-1K; WIT-400M; LAION-400M; VIP; DAVIS 2017; JHMDB; Breakfast; UCF101; HMDB51; Something-Something V2; Chiral Something-Something V2; BADJA; TAP-DAVIS,2026,CVPR 2026,No,peer_reviewed,,2603.26597,https://openaccess.thecvf.com/content/CVPR2026/html/Liu_From_Static_to_Dynamic_Exploring_Self-supervised_Image-to-Video_Representation_Transfer_Learning_CVPR_2026_paper.html,https://github.com/yafeng19/Co-Settle,"Co-Settle is trained for five epochs on Kinetics-400. ImageNet-1K, WIT-400M, and LAION-400M are sources for the evaluated frozen image backbones. The original catalog's UCF101 and HMDB51-only annotation was incomplete.",2026-08-11
OneVision-Encoder: Codec-Aligned Sparsity as a Foundational Principle for Multimodal Intelligence,"Feilong Tang, Xiang An, Yunyao Yan, Yin Xie, Bin Qin, Kaicheng Yang, Yifei Shen, Yuanhan Zhang, Chunyuan Li, Shikun Feng, Changrui Chen, Huajie Tan, Ming Hu, Manyuan Zhang, Bo Li, Ziyong Feng, Ziwei Liu, Zongyuan Ge, Jiankang Deng",OneVision-Encoder (OV-Encoder),Contrastive,LAION-400M; COYO-700M; OBELICS; Zero250M; ImageNet-21K; HowTo100M; Panda-70M; Kinetics-710; Something-Something V2,Something-Something V2; Diving48; Perception Test; Charades-Ego; EPIC-KITCHENS-100; Kinetics-400; HMDB51,LAION-400M; COYO-700M; OBELICS; Zero250M; ImageNet-21K; HowTo100M; Panda-70M; Kinetics-710; Something-Something V2; Diving48; Perception Test; Charades-Ego; EPIC-KITCHENS-100; Kinetics-400; HMDB51,2026,arXiv preprint,No,preprint,,2602.08683,https://arxiv.org/abs/2602.08683,https://github.com/EvolvingLMMs-Lab/OneVision-Encoder,The dataset list covers the full pretraining corpus and the paper's seven attentive-probing video representation benchmarks. General multimodal LMM benchmark tables are outside this VideoSSL catalog field.,2026-08-11
Progressive Mask Distillation for Self-supervised Video Representation,"Kewei Wu, Chong Liang, Zhao Xie, Dan Guo",Progressive Mask Distillation (PMD),Generative / Masked,Kinetics-400; ImageNet-1K,Something-Something V2; Kinetics-400; UCF101; HMDB51,Kinetics-400; ImageNet-1K; Something-Something V2; UCF101; HMDB51,2026,CVPR 2026,No,peer_reviewed,,,https://openaccess.thecvf.com/content/CVPR2026/html/Wu_Progressive_Mask_Distillation_for_Self-supervised_Video_Representation_CVPR_2026_paper.html,,The student and video teacher are pretrained on Kinetics-400; the image teacher is pretrained on ImageNet-1K. The four named downstream datasets are evaluated by fine-tuning.,2026-08-11
Recurrent Video Masked Autoencoders,"Daniel Zoran, Nikhil Parthasarathy, Yi Yang, Drew A. Hudson, Joao Carreira, Andrew Zisserman",Recurrent Video Masked Autoencoder (RVM),Generative / Masked,HowTo100M; Kinetics-700; Something-Something V2; YouTube-BoundingBoxes; YouTube-8M,Something-Something V2; Kinetics-700; Waymo Open; Perception Test; ScanNet; DAVIS 2017; JHMDB; VIP,HowTo100M; Kinetics-700; Something-Something V2; YouTube-BoundingBoxes; YouTube-8M; Waymo Open; Perception Test; ScanNet; DAVIS 2017; JHMDB; VIP,2026,CVPR 2026,No,peer_reviewed,,2512.13684,https://openaccess.thecvf.com/content/CVPR2026/html/Zoran_Recurrent_Video_Masked_Autoencoders_CVPR_2026_paper.html,,,2026-08-11
Rethinking JEPA: Compute-Efficient Video SSL with Frozen Teachers,"Xianhang Li, Chen Huang, Chun-Liang Li, Eran Malach, Josh Susskind, Vimal Thilak, Etai Littwin",SALT,Pretext / Predictive,Kinetics-710; Something-Something V2; Panda-70M; ImageNet-1K,Kinetics-400; Something-Something V2; COIN; Jester; Diving48; ImageNet-1K; IntPhys; GRASP; InfLevel,Kinetics-710; Something-Something V2; Panda-70M; ImageNet-1K; Kinetics-400; COIN; Jester; Diving48; IntPhys; GRASP; InfLevel,2026,ICLR 2026,No,peer_reviewed,,2509.24317,https://openreview.net/forum?id=3cB9243E9i,,"The V-3.6M mixture combines Kinetics-710, Something-Something V2, and a 2.8M-video Panda-70M subset; ImageNet-1K is used in image ablations.",2026-08-11
Self-Supervised Learning of Structured Dynamics from Videos,"Lukas Knobel, Andrew Zisserman, Yuki M. Asano",Structured Dynamics Model (SDM),Pretext / Predictive,Kubric; Something-Something V2; DL3DV,Kubric; DL3DV; CameraBench; DAVIS 2017; YouTube-VOS; Something-Something V2,Kubric; Something-Something V2; DL3DV; CameraBench; DAVIS 2017; YouTube-VOS,2026,arXiv preprint,No,preprint,,2607.21576,https://arxiv.org/abs/2607.21576,https://github.com/lukasknobel/StructuredDynamics,"ProbeMotion uses controlled Kubric and DL3DV probes, CameraBench, static-camera subsets of DAVIS 2017 and YouTube-VOS, and the SSv2-110k subset.",2026-08-11
Self-Supervised Video Representation Learning in a Heuristic Decoupled Perspective,"Zeen Song, Jingyao Wang, Jianqi Zhang, Changwen Zheng, Wenwen Qiang",BOD-VCL,Contrastive,Kinetics-400,Kinetics-400; UCF101; HMDB51; Something-Something V2; FineGym; AVA; Diving48; Static-Dynamic UCF101,Kinetics-400; UCF101; HMDB51; Something-Something V2; FineGym; AVA; Diving48; Static-Dynamic UCF101,2026,International Journal of Computer Vision 2026,No,peer_reviewed,10.1007/s11263-026-02785-4,2407.14069,https://link.springer.com/article/10.1007/s11263-026-02785-4,,,2026-08-11
"Structured-Noise Masked Modeling for Video, Audio and Beyond","Aritra Bhowmik, Fida Mohammad Thoker, Carlos Hinojosa, Bernard Ghanem, Cees G. M. Snoek",Structured-Noise Masked Modeling,Generative / Masked,Kinetics-400; Something-Something V2; AudioSet-2M; VGGSound,Kinetics-400; Something-Something V2; DAVIS; YouTube-VOS; AudioSet-20K; AudioSet-2M; ESC-50; VGGSound,Kinetics-400; Something-Something V2; AudioSet-2M; VGGSound; DAVIS; YouTube-VOS; AudioSet-20K; ESC-50,2026,ECCV 2026,No,peer_reviewed,,2503.16311,https://carloshinojosa.me/publication/conf-eccv2026-structured-noise/,,,2026-08-11
The TIME Machine: On The Power of Motion for Efficient Perception,"Mantas Skackauskas, Xinyue Hao, Laura Sevilla-Lara",TIME (Temporally Informed Motion Embedding),Generative / Masked,Kubric MOVi-B,Something-Something V2; CLEVRER; Diving48; Ego-Exo4D,Kubric MOVi-B; Something-Something V2; CLEVRER; Diving48; Ego-Exo4D,2026,arXiv preprint,No,preprint,,2605.23045,https://arxiv.org/abs/2605.23045,,"The main model is pretrained on 250,000 Kubric MOVi-B synthetic videos. A second-stage Something-Something V2 trajectory pretraining experiment is an ablation, not the default model.",2026-08-11
TrackMAE: Video Representation Learning via Track Mask and Predict,"Renaud Vandeghen, Fida Mohammad Thoker, Marc Van Droogenbroeck, Bernard Ghanem",TrackMAE,Generative / Masked,Kinetics-400,Kinetics-400; HMDB51; Something-Something V2; FineGYM; UCF101; UCFRep; Charades,Kinetics-400; HMDB51; Something-Something V2; FineGYM; UCF101; UCFRep; Charades,2026,CVPR 2026,No,peer_reviewed,,2603.27268,https://openaccess.thecvf.com/content/CVPR2026/html/Vandeghen_TrackMAE_Video_Representation_Learning_via_Track_Mask_and_Predict_CVPR_2026_paper.html,https://github.com/rvandeghen/TrackMAE,"The main encoder is pretrained on Kinetics-400. SEVERE contributes eight evaluation settings drawn from Something-Something V2, FineGYM, UCF101, UCFRep, and Charades.",2026-08-11
TrAction: Action Recognition with Sparse Trajectories,"Jan F. Meier, Felix B. Mueller, Alexander Ecker, Timo Lüddecke",TrAction,Generative / Masked,Kinetics-400; Something-Something V2,Kinetics-400; Something-Something V2; EPIC-KITCHENS-100; Invariant Action Recognition Dataset; Chirality in Action,Kinetics-400; Something-Something V2; EPIC-KITCHENS-100; Invariant Action Recognition Dataset; Chirality in Action,2026,arXiv preprint,No,preprint,,2606.03490,https://arxiv.org/abs/2606.03490,https://github.com/ecker-lab/TrAction,UCF101 and HMDB51 are discussed only as appearance-dominated examples and are not counted as evaluated datasets.,2026-08-11
V-JEPA 2.1: Unlocking Dense Features in Video Self-Supervised Learning,"Lorenzo Mur-Labadia, Matthew Muckley, Amir Bar, Mido Assran, Koustuv Sinha, Mike Rabbat, Yann LeCun, Nicolas Ballas, Adrien Bardes",V-JEPA 2.1,Pretext / Predictive,VisionMix-163M; Something-Something V2; Kinetics; HowTo100M; YT-1B; LVD-142M,Ego4D STA v2; EPIC-KITCHENS-100; NYUv2; KITTI; ADE20K; PASCAL VOC12; Cityscapes; DAVIS 2017; YouTube-VOS; Something-Something V2; Kinetics-400; Diving48; ImageNet-1K; Perception Test; Minimal Video Pairs; TempCompass; TemporalBench; TOMATO; MVBench; TVBench; RECON; TartanDrive; SCAND; SACSoN,VisionMix-163M; Something-Something V2; Kinetics; HowTo100M; YT-1B; LVD-142M; DROID; PerceptionLM; Ego4D STA v2; EPIC-KITCHENS-100; NYUv2; KITTI; ADE20K; PASCAL VOC12; Cityscapes; DAVIS 2017; YouTube-VOS; Kinetics-400; Diving48; ImageNet-1K; Perception Test; Minimal Video Pairs; TempCompass; TemporalBench; TOMATO; MVBench; TVBench; RECON; TartanDrive; SCAND; SACSoN,2026,arXiv preprint,No,preprint,,2603.14482,https://arxiv.org/abs/2603.14482,https://github.com/facebookresearch/vjepa2,"VisionMix-163M combines Something-Something V2, Kinetics, HowTo100M, YT-1B, and LVD-142M. DROID and PerceptionLM are used in downstream alignment or world-model training rather than the foundation pretraining mixture.",2026-08-11
A Large-Scale Analysis on Contextual Self-Supervised Video Representation Learning,"Akash Kumar, Ashlesha Kumar, Vibhav Vineet, Yogesh S Rawat",Contextual VideoSSL Benchmark and Multi-Teacher Distillation,Other / Hybrid,Kinetics-400; Something-Something V2,Kinetics-400; Something-Something V2; UCF101; HMDB51; Diving48,Kinetics-400; Something-Something V2; UCF101; HMDB51; Diving48,2025,CVPR Workshops 2025,No,peer_reviewed,,2504.06153,https://openaccess.thecvf.com/content/CVPR2025W/TCV/html/Kumar_A_Large-Scale_Analysis_on_Contextual_Self-Supervised_Video_Representation_Learning_CVPRW_2025_paper.html,,,2026-08-11
Advancing video self-supervised learning via image foundation models,"Jingwei Wu, Zhewei Huang, Chang Liu",AdViSe,Other / Hybrid,ImageNet-1K; UCF101; HMDB51; Diving48; Something-Something V2; Kinetics-400,UCF101; HMDB51; Diving48; Something-Something V2; Kinetics-400,ImageNet-1K; UCF101; HMDB51; Diving48; Something-Something V2; Kinetics-400,2025,Pattern Recognition Letters 2025,No,peer_reviewed,10.1016/j.patrec.2025.03.015,2505.19218,https://www.sciencedirect.com/science/article/pii/S0167865525001072,https://github.com/JingwWu/advise-video-ssl,ImageNet-1K is the source pretraining benchmark for the frozen image foundation models; the video datasets support self-supervised adaptation and evaluation.,2026-08-11
An Empirical Study of Autoregressive Pre-training from Videos,"Jathushan Rajasegaran, Ilija Radosavovic, Rahul Ravishankar, Yossi Gandelsman, Christoph Feichtenhofer, Jitendra Malik",Toto,Generative / Masked,ImageNet-1K; Kinetics-600; Ego4D; HowTo100M,ImageNet-1K; Kinetics-400; Ego4D STA v1; DAVIS 2017; CATER; MVP,ImageNet-1K; Kinetics-600; Ego4D; HowTo100M; Kinetics-400; Ego4D STA v1; DAVIS 2017; CATER; MVP,2025,ICCV 2025,No,peer_reviewed,,2501.05453,https://openaccess.thecvf.com/content/ICCV2025/html/Rajasegaran_An_Empirical_Study_of_Autoregressive_Pre-training_from_Videos_ICCV_2025_paper.html,,MVP denotes the simulated and real robot manipulation evaluations reported by the paper.,2026-08-11
ARVideo: Autoregressive Pretraining for Self-Supervised Video Representation Learning,"Sucheng Ren, Hongru Zhu, Chen Wei, Yijiang Li, Alan Yuille, Cihang Xie",ARVideo,Generative / Masked,Kinetics-400; Something-Something V2,Kinetics-400; Something-Something V2; UCF101; HMDB51; AVA v2.2,Kinetics-400; Something-Something V2; UCF101; HMDB51; AVA v2.2,2025,Transactions on Machine Learning Research 2025,No,peer_reviewed,,2405.15160,https://openreview.net/forum?id=hWlCc7Iksi,,,2026-08-11
AutoSSVH: Exploring Automated Frame Sampling for Efficient Self-Supervised Video Hashing,"Niu Lian, Jun Li, Jinpeng Wang, Ruisheng Luo, Yaowei Wang, Shu-Tao Xia, Bin Chen",AutoSSVH,Other / Hybrid,ActivityNet; FCVID; UCF101; HMDB51,ActivityNet; FCVID; UCF101; HMDB51,ActivityNet; FCVID; UCF101; HMDB51,2025,CVPR 2025,No,peer_reviewed,10.1109/CVPR52734.2025.01759,2504.03587,https://openaccess.thecvf.com/content/CVPR2025/html/Lian_AutoSSVH_Exploring_Automated_Frame_Sampling_for_Efficient_Self-Supervised_Video_Hashing_CVPR_2025_paper.html,https://github.com/EliSpectre/CVPR25-AutoSSVH,,2026-08-11
Collaboratively Self-supervised Video Representation Learning for Action Recognition,"Jie Zhang, Zhifan Wan, Lanqing Hu, Stephen Lin, Shuzhe Wu, Shiguang Shan",CSVR,Other / Hybrid,UCF101; Kinetics-400,UCF101; HMDB51; Something-Something V2; Kinetics-400,UCF101; Kinetics-400; HMDB51; Something-Something V2,2025,IEEE Transactions on Information Forensics and Security 2025,No,peer_reviewed,10.1109/TIFS.2025.3531772,2401.07584,https://ieeexplore.ieee.org/document/10847948/,,,2026-08-11
CrossVideoMAE: Self-Supervised Image-Video Representation Learning with Masked Autoencoders,"Shihab Aaqil Ahamed∗, Malitha Gunawardhana∗, Liel David, Michael Sidorov, Daniel Harari, Muhammad Haris Khan",CrossVideoMAE,Generative / Masked,Kinetics-400; Something-Something V2; ImageNet-1K,Kinetics-400; Something-Something V2; UCF101; HMDB51; ImageNet-1K,Kinetics-400; Something-Something V2; ImageNet-1K; UCF101; HMDB51,2025,arXiv preprint,No,preprint,,2502.07811,https://arxiv.org/abs/2502.07811,,Sampled frames from Kinetics-400 and Something-Something V2 form the image side of joint pretraining; ImageNet-1K is used as an auxiliary image benchmark.,2026-08-11
Efficient Self-Supervised Video Hashing with Selective State Spaces,"Jinpeng Wang, Niu Lian, Jun Li, Yuting Wang, Yan Feng, Bin Chen, Yongbing Zhang, Shu-Tao Xia1",S5VH,Other / Hybrid,ActivityNet; FCVID; UCF101; HMDB51,ActivityNet; FCVID; UCF101; HMDB51,ActivityNet; FCVID; UCF101; HMDB51,2025,AAAI 2025,No,peer_reviewed,10.1609/aaai.v39i7.32835,,https://ojs.aaai.org/index.php/AAAI/article/view/32835,,,2026-08-11
Efficient VideoMAE via Temporal Progressive Training,"Xianhang Li, Peng Wang, Xinyu Li, Heng Wang, Hongru Zhu, Cihang Xie",Temporal Progressive Training (TPT),Generative / Masked,Kinetics-400; Something-Something V2,Kinetics-400; Something-Something V2,Kinetics-400; Something-Something V2,2025,CVPR Workshops 2025,No,peer_reviewed,10.1109/CVPRW67362.2025.00250,,https://openaccess.thecvf.com/content/CVPR2025W/PVUW/html/Li_Efficient_VideoMAE_via_Temporal_Progressive_Training_CVPRW_2025_paper.html,,The curriculum is trained and evaluated separately on Kinetics-400 and Something-Something V2.,2026-08-11
Entropy-Guided Masked Autoencoding for Self-Supervised Human Action Recognition Using Video Swin Transformer,Kollu Praveen Kumar; Guduri Baby Harshitha; Koti Vijay; Angothu Sravika,Entropy-Guided Masked Autoencoding,Generative / Masked,UCF101,UCF101,UCF101,2025,ACROSET 2025,No,peer_reviewed,10.1109/ACROSET66531.2025.11281001,,https://ieeexplore.ieee.org/document/11281001,,,2026-08-11
Exemplar-free class incremental action recognition based on self-supervised learning,"Chunyu Hou, Yonghong Hou, Jinyin Jiang, Gunel Abdullayeva",Exemplar-Free SSL Class-Incremental Action Recognition,Other / Hybrid,UCF101; HMDB51; Kinetics-400; Something-Something V2,UCF101; HMDB51; Kinetics-400; Something-Something V2,UCF101; HMDB51; Kinetics-400; Something-Something V2,2025,Image and Vision Computing 2025,No,peer_reviewed,10.1016/j.imavis.2025.105544,,https://www.sciencedirect.com/science/article/pii/S0262885625001325,,,2026-08-11
Feature Hallucination for Self-supervised Action Recognition,"Lei Wang, Piotr Koniusz; ;",DEEP-HAL,Cross-Modal,Kinetics-400; COCO; AVA v2.1; Kinetics-Skeletons,HMDB51; YUP++; MPII Cooking Activities; Charades; EPIC-KITCHENS-55; Toyota Smarthome; Kinetics-400; Kinetics-600; Something-Something V2,Kinetics-400; COCO; AVA v2.1; Kinetics-Skeletons; HMDB51; YUP++; MPII Cooking Activities; Charades; EPIC-KITCHENS-55; Toyota Smarthome; Kinetics-600; Something-Something V2,2025,International Journal of Computer Vision 2025,No,peer_reviewed,10.1007/s11263-025-02513-4,2506.20342,https://link.springer.com/article/10.1007/s11263-025-02513-4,,"Kinetics-400, COCO/AVA, and Kinetics-Skeletons supply the pretrained auxiliary modality teachers used by the hallucination framework.",2026-08-11
Hashtag2Action: Data Engineering and Self-Supervised Pre-Training for Action Recognition in Short-Form Videos,"Yang Qian, Ali Kargarandehkordi, Yinan Sun, Parnian Azizian, Onur Cezmi Mutlu, Saimourya Surabhi, Zain Jabbar, Dennis Wall, Peter Washington, Huaijin Chen;",Hashtag2Action (H2A),Generative / Masked,Hashtag2Action,UCF101; HMDB51; Kinetics-400; Something-Something V2,Hashtag2Action; UCF101; HMDB51; Kinetics-400; Something-Something V2,2025,ICCV Workshops 2025,No,peer_reviewed,10.1109/ICCVW69036.2025.00312,,https://openaccess.thecvf.com/content/ICCV2025W/SVU/html/Qian_Hashtag2Action_Data_Engineering_and_Self-Supervised_Pre-Training_for_Action_Recognition_in_ICCVW_2025_paper.html,,"Hashtag2Action contains 283,582 short-form clips in 386 action categories.",2026-08-11
Intuitive physics understanding emerges from self-supervised pretraining on natural videos,"Quentin Garrido, Nicolas Ballas, Mahmoud Assran, Adrien Bardes, Laurent Najman, Michael Rabbat, Emmanuel Dupoux, Yann LeCun",V-JEPA Intuitive-Physics Probing,Pretext / Predictive,Kinetics-710; Something-Something V2; HowTo100M,IntPhys; GRASP; InfLevel-lab,Kinetics-710; Something-Something V2; HowTo100M; IntPhys; GRASP; InfLevel-lab,2025,arXiv preprint,No,preprint,,2502.11831,https://arxiv.org/abs/2502.11831,,The three pretraining sources form the VideoMix2M mixture used by the evaluated V-JEPA model.,2026-08-11
Kdhiera: boosting self-supervised masked video modeling via hierarchical knowledge distillation,"Yunlong Wang, Hong Liang, Mingwen Shao & Qian Zhang;",KDHiera,Generative / Masked,Kinetics-400; Something-Something V2,Kinetics-400; Something-Something V2; AVA,Kinetics-400; Something-Something V2; AVA,2025,Cluster Computing 2025,No,peer_reviewed,10.1007/s10586-025-05262-8,,https://link.springer.com/article/10.1007/s10586-025-05262-8,,,2026-08-11
Label Ranker: Self-aware Preference for Classification Label Position in Visual Masked Self-supervised Pre-trained Model,"Peihao Xiang, Ou Bai",Label Ranker,Generative / Masked,ImageNet-1K; Kinetics-400,CIFAR-100; UCF101; HMDB51,ImageNet-1K; Kinetics-400; CIFAR-100; UCF101; HMDB51,2025,ICMR 2025,No,peer_reviewed,10.1145/3731715.3733369,,https://dl.acm.org/doi/10.1145/3731715.3733369,,,2026-08-11
Learning Complementary Knowledge via Trusted Multi-view Space Decomposition for Self-Supervised Contrastive Learning,"Jiangmeng Li, Yunze Zhao, Yifan Jin, Changwen Zheng & Wenwen Qiang;",Trusted Multi-view Decoupled Contrast (TMDC),Contrastive,ImageNet-1K; OGBG-MolBBBP,ImageNet-1K; OGBG-MolBBBP,ImageNet-1K; OGBG-MolBBBP,2025,Machine Learning 2025,No,peer_reviewed,10.1007/s10994-025-06927-6,,https://link.springer.com/article/10.1007/s10994-025-06927-6,,The accessible publisher material explicitly exposes ImageNet and OGBG-MolBBBP results; the article is not limited to video benchmarks.,2026-08-11
Learning from Streaming Video with Orthogonal Gradients,"Tengda Han⋄, Dilara Gokay, Joseph Heyward, Chuhan Zhang, Daniel Zoran, Viorica Patraucean, Joao Carreira, Dima Damen, Andrew Zisserman",Orthogonal-SGD / Orthogonal-AdamW,Other / Hybrid,WalkingTours; Kinetics-400; Something-Something V2; Ego4D-Stream; ScanNet-Stream; ImageNet-21K,ImageNet-1K; Something-Something V2; Ego4D-Stream; ScanNet-Stream,WalkingTours; Kinetics-400; Something-Something V2; Ego4D-Stream; ScanNet-Stream; ImageNet-21K; ImageNet-1K,2025,CVPR 2025,No,peer_reviewed,10.1109/CVPR52734.2025.01274,2504.01961,https://openaccess.thecvf.com/content/CVPR2025/html/Chakraborty_Learning_from_Streaming_Video_with_Orthogonal_Gradients_CVPR_2025_paper.html,,WalkingTours is the paper's Venice walking-tour stream; ImageNet-21K supplies the initialization used in future-prediction experiments.,2026-08-11
Learning Video Representations without Natural Videos,"Xueyang Yu, Xinlei Chen, Yossi Gandelsman;",Synthetic-progression VideoMAE pretraining,Generative / Masked,Procedurally generated motion videos; ImageNet-1K static images,UCF101; HMDB51; UCF101-P; Kinetics-400,Procedurally generated motion videos; ImageNet-1K static images; UCF101; HMDB51; UCF101-P; Kinetics-400,2025,ICCV Workshops 2025,No,peer_reviewed,,2410.24213,https://openreview.net/forum?id=nqDXwTTCWA,,UCF101-P contains 14 out-of-distribution corruption sets.,2026-08-11
Mitigating background bias in self-supervised video representation learning,"Arif Akar, Ufuk Umut Senturk & Nazli Ikizler-Cinbis",MAC-based Background-Debiasing SSL,Contrastive,UCF101; HMDB51; Diving48,UCF101; HMDB51; Diving48,UCF101; HMDB51; Diving48,2025,"Signal, Image and Video Processing 2025",No,peer_reviewed,10.1007/s11760-024-03644-w,,https://link.springer.com/article/10.1007/s11760-024-03644-w,,"The publisher abstract reports UCF101, HMDB51, and Diving48 under low-resource and full-compute settings.",2026-08-11
MME: Video Representation Learning as World Model for Understanding and Planning,"Xinyu Sun, Changhao Li, Chen Jian, Chuang Gan, Peihao Chen, and Mingkui Tan;",Masked Motion Encoding (MME),Generative / Masked,Kinetics-400; Something-Something V2,Kinetics-400; Something-Something V2; UCF101; HMDB51; AVA; Robot arm manipulation benchmark,Kinetics-400; Something-Something V2; UCF101; HMDB51; AVA; Robot arm manipulation benchmark,2025,TechRxiv preprint,No,preprint,10.36227/techrxiv.175624509.93122186/v1,,https://www.techrxiv.org/doi/full/10.36227/techrxiv.175624509.93122186,,The accessible primary abstract describes a robot-arm manipulation task but does not name that benchmark.,2026-08-11
Motion-driven Adaptive Frame Selection Strategy for Video Action Recognition,"Hao Ding, Chen Guo, Jing Sun, Xiaoping Jiang, Hongling Shi, Jianjin Li",Motion-Driven Adaptive Frame Selection,Other / Hybrid,ImageNet-1K,Diving48; UCF101; HMDB51,ImageNet-1K; Diving48; UCF101; HMDB51,2025,EURASIP Journal on Image and Video Processing 2025,No,peer_reviewed,10.1186/s13640-025-00675-2,,https://jivp-eurasipjournals.springeropen.com/articles/10.1186/s13640-025-00675-2,,The selector uses an ImageNet-pretrained ResNet-50 backbone and is evaluated on three action-recognition datasets.,2026-08-11
OSKAR: Omnimodal Self-supervised Knowledge Abstraction and Representation,"Mohamed O Abdelfattah, Kaouther Messaoud, Alexandre Alahi;",OSKAR,Cross-Modal,OpenHumanVid3,Kinetics-400; Something-Something V2; NTU RGB+D 60; NTU RGB+D 120; AVA; MSR-VTT; MSVD; VATEX; MSR-VTT-QA; MSVD-QA; TGIF-FrameQA,OpenHumanVid3; Kinetics-400; Something-Something V2; NTU RGB+D 60; NTU RGB+D 120; AVA; MSR-VTT; MSVD; VATEX; MSR-VTT-QA; MSVD-QA; TGIF-FrameQA,2025,NeurIPS 2025,Yes,peer_reviewed,10.52202/085713-0021,,https://papers.nips.cc/paper_files/paper/2025/hash/010ca5a0ccb09cfb554ed637758a08da-Abstract-Conference.html,,The paper samples 10 million OpenHumanVid3 videos and derives pseudo skeleton and caption modalities before downstream evaluation.,2026-08-11
Privacy Preservation Using Superimposed 3D-Models for Self-Supervised Training in Action Recognition,"Asfandyar Azhar, Nidhish Shah, Shaurjya Mandal, Yongjie Jessica Zhang;",Private-MO,Other / Hybrid,Kinetics-150; M2M-Kinetics,UCF101; HMDB51; Diving48; IKEA Furniture Assembly; UAV-Human; VISPR,Kinetics-150; M2M-Kinetics; UCF101; HMDB51; Diving48; IKEA Furniture Assembly; UAV-Human; VISPR,2025,ICCV Workshops 2025,No,peer_reviewed,10.1109/ICCVW69036.2025.00241,,https://openaccess.thecvf.com/content/ICCV2025W/SafeMM-AI/html/Mandal_Privacy_Preservation_Using_Superimposed_3D-Models_for_Self-Supervised_Training_in_Action_ICCVW_2025_paper.html,,Kinetics-150 is curated from Kinetics-400; M2M-Kinetics is the privacy-preserving 3D-overlay version. VISPR denotes the paper's privacy evaluation subset.,2026-08-11
Progressive self-supervised spatio-temporal feature learning based on video sequence saliency,"Jinlong Kang, Tao Xu, Boting Qu, Xiang Wang, Xiaoli Lian, Jing Guo, Yuan Gao",PSSFL-VSS,Pretext / Predictive,Kinetics; UCF101; HMDB51,UCF101; HMDB51; Kinetics,Kinetics; UCF101; HMDB51,2025,"Proceedings of SPIE, ICVIP 2024",No,peer_reviewed,10.1117/12.3059113,,https://www.spiedigitallibrary.org/conference-proceedings-of-spie/13558/1355809/Progressive-self-supervised-spatio-temporal-feature-learning-based-on-video/10.1117/12.3059113.short,,"The publisher abstract confirms clip/video retrieval and action-recognition experiments. UCF101, HMDB51, and Kinetics are the benchmark definitions present in the publisher metadata; the closed full text prevents a more granular split assignment.",2026-08-11
Reinforcement Learning Meets Masked Video Modeling: Trajectory-Guided Adaptive Token Selection,"Ayush K. Rai, Kyle Min, Tarun Krishna, Feiyan Hu, Alan F. Smeaton, Noel E. O'Connor",Trajectory-Aware Token Selection (TATS),Generative / Masked,Kinetics-400; Something-Something V2,Kinetics-400; Something-Something V2; UCF101; HMDB51,Kinetics-400; Something-Something V2; UCF101; HMDB51,2025,ICCV Workshops 2025,No,peer_reviewed,10.1109/ICCVW69036.2025.00730,2505.08561,https://openaccess.thecvf.com/content/ICCV2025W/LongVid-Foundation/html/K._Reinforcement_Learning_meets_Masked_Video_Modeling__Trajectory-Guided_Adaptive_Token_ICCVW_2025_paper.html,,,2026-08-11
Self-Supervised Learning of Motion Concepts by Optimizing Counterfactuals,"Stefan Stojanov, David Wendt, Seungwoo Kim, Rahul Venkatesh, Kevin Feigelis, Jiajun Wu, Daniel LK Yamins",Optimized Counterfactual World Models (Opt-CWM),Pretext / Predictive,Kinetics-400,TAP-Vid DAVIS; TAP-Vid Kinetics; TAP-Vid Kubric,Kinetics-400; TAP-Vid DAVIS; TAP-Vid Kinetics; TAP-Vid Kubric,2025,NeurIPS 2025,Yes,peer_reviewed,10.52202/085713-0921,2503.19953,https://openreview.net/forum?id=fGuTN7huo5,,,2026-08-11
Self-supervised video representation learning based on foreground and temporal information.,"Zhongliang Zhou, Jiayong Fang ;",Foreground and Temporal Information SSL,Pretext / Predictive,UCF101; HMDB51; Self-built video dataset,UCF101; HMDB51; Self-built video dataset,UCF101; HMDB51; Self-built video dataset,2025,"Proceedings of SPIE, ETAI 2025",No,peer_reviewed,10.1117/12.3068403,,https://www.spiedigitallibrary.org/conference-proceedings-of-spie/13692/136923T/Self-supervised-video-representation-learning-based-on-foreground-and-temporal/10.1117/12.3068403.short,,"The proceedings metadata names UCF101, HMDB51, and an author-built dataset but does not expose a public name for the latter.",2026-08-11
SF2T: Self-supervised Fragment Finetuning of Video-LLMs for Fine-Grained Understanding,"Yangliu Hu, Zikai Song, Na Feng, Yawei Luo, Junqing Yu, Yi-Ping Phoebe Chen, Wei Yang; ;",SF2T,Cross-Modal,Something-Something V2; Moments in Time,FineVidBench; MVBench; Video-MME; TempCompass,Something-Something V2; Moments in Time; FineVidBench; MVBench; Video-MME; TempCompass,2025,CVPR 2025,No,peer_reviewed,10.1109/CVPR52734.2025.02710,,https://openaccess.thecvf.com/content/CVPR2025/html/Hu_SF2T_Self-supervised_Fragment_Finetuning_of_Video-LLMs_for_Fine-Grained_Understanding_CVPR_2025_paper.html,,"FineVidBench is assembled from Something-Something V2, Moments in Time, and Ego4D fragments.",2026-08-11
SMILE: Infusing Spatial and Motion Semantics in Masked Video Learning,"Fida Mohammad Thoker, Letian Jiang, Chen Zhao†, Bernard Ghanem",SMILE,Generative / Masked,Kinetics-400; Something-Something V2; Places-80K,Kinetics-400; Something-Something V2; UCF101; HMDB51; FineGYM; GYM99; EPIC-KITCHENS-100; Charades; FX-S1; UB-S1; UCF-RC; DAVIS; YouTube-VOS; THUMOS14; ActivityNet v1.3,Kinetics-400; Something-Something V2; Places-80K; UCF101; HMDB51; FineGYM; GYM99; EPIC-KITCHENS-100; Charades; FX-S1; UB-S1; UCF-RC; DAVIS; YouTube-VOS; THUMOS14; ActivityNet v1.3,2025,CVPR 2025,No,peer_reviewed,,2504.00527,https://openaccess.thecvf.com/content/CVPR2025/html/Thoker_SMILE_Infusing_Spatial_and_Motion_Semantics_in_Masked_Video_Learning_CVPR_2025_paper.html,https://github.com/fmthoker/SMILE,Places-80K and noise sources are used in synthetic-motion ablations. The long evaluation list includes the SEVERE robustness suite.,2026-08-11
ST-HViT: spatial-temporal hierarchical vision transformer for action recognition,"Limin Xia, Weiye Fu",ST-HViT,Generative / Masked,Kinetics-400; Something-Something V2,Kinetics-400; Something-Something V2,Kinetics-400; Something-Something V2,2025,Pattern Analysis and Applications 2025,No,peer_reviewed,10.1007/s10044-024-01407-4,,https://link.springer.com/article/10.1007/s10044-024-01407-4,,,2026-08-11
"V-JEPA 2: Self-Supervised Video Models Enable Understanding, Prediction and Planning","Mido Assran, Adrien Bardes, David Fan, Quentin Garrido, Russell Howes, Mojtaba, Komeili, Matthew Muckley, Ammar Rizvi, Claire Roberts, Koustuv Sinha, Artem Zholus, Sergio Arnaud, Abha Gejji, Ada Martin, Francois Robert Hogan, Daniel Dugas, Piotr Bojanowski, Vasil Khalidov, Patrick Labatut, Francisco Massa, Marc Szafraniec, Kapil Krishnakumar, Yong Li, Xiaodong Ma, Sarath Chandar, Franziska Meier, Yann LeCun, Michael Rabbat, Nicolas Ballas ;",V-JEPA 2 / V-JEPA 2-AC,Pretext / Predictive,VideoMix22M; Something-Something V2; Kinetics-400; Kinetics-600; Kinetics-700; HowTo100M; YT-Temporal-1B; ImageNet-1K; DROID,Something-Something V2; Diving48; Jester; Kinetics-400; COIN; ImageNet-1K; EPIC-KITCHENS-100; Perception Test; MVP; TempCompass; TemporalBench; TOMATO; MVBench; TVBench; DROID,VideoMix22M; Something-Something V2; Kinetics-400; Kinetics-600; Kinetics-700; HowTo100M; YT-Temporal-1B; ImageNet-1K; DROID; Diving48; Jester; COIN; EPIC-KITCHENS-100; Perception Test; MVP; TempCompass; TemporalBench; TOMATO; MVBench; TVBench,2025,arXiv preprint,No,preprint,,2506.09985,https://arxiv.org/abs/2506.09985,https://github.com/facebookresearch/vjepa2,VideoMix22M combines the listed image and video sources; DROID is used for action-conditioned robot post-training rather than foundation pretraining.,2026-08-11
ViDROP: Video Dense Representation through Spatio-Temporal Sparsity,"Sepehr Sameni, Simon Jenni, Paolo Favaro; ;",ViDROP,Generative / Masked,Kinetics-400,Kinetics-400; Something-Something V2; UCF101; HMDB51; THUMOS14; ImageNet-1K; DAVIS; VSC23,Kinetics-400; Something-Something V2; UCF101; HMDB51; THUMOS14; ImageNet-1K; DAVIS; VSC23,2025,CVPR Workshops 2025,No,peer_reviewed,10.1109/CVPRW67362.2025.00300,,https://openaccess.thecvf.com/content/CVPR2025W/eLVM/html/Sameni_ViDROP_Video_Dense_Representation_through_Spatio-Temporal_Sparsity_CVPRW_2025_paper.html,,,2026-08-11
When the Future Becomes the Past: Taming Temporal Correspondence for Self-supervised Video Representation Learning,"Yang Liu, Qianqian Xu, Peisong Wen, Siran Dai, Qingming Huang;",T-CoRe,Contrastive,Kinetics-400,DAVIS 2017; VIP; JHMDB,Kinetics-400; DAVIS 2017; VIP; JHMDB,2025,CVPR 2025,No,peer_reviewed,10.1109/CVPR52734.2025.02238,,https://openaccess.thecvf.com/content/CVPR2025/html/Liu_When_the_Future_Becomes_the_Past_Taming_Temporal_Correspondence_for_CVPR_2025_paper.html,,,2026-08-11
Asymmetric Masked Distillation for Pre-Training Small Foundation Models,"Zhiyu Zhao, Bingkun Huang, Sen Xing, Gangshan Wu, Yu Qiao, Limin Wang",Asymmetric Masked Distillation (AMD),Generative / Masked,ImageNet-1K; Kinetics-400; Something-Something V2,ImageNet-1K; Kinetics-400; Something-Something V2; UCF101; HMDB51; AVA v2.2,ImageNet-1K; Kinetics-400; Something-Something V2; UCF101; HMDB51; AVA v2.2,2024,CVPR 2024,No,peer_reviewed,,2311.03149,https://openaccess.thecvf.com/content/CVPR2024/html/Zhao_Asymmetric_Masked_Distillation_for_Pre-Training_Small_Foundation_Models_CVPR_2024_paper.html,,The paper reports an image AMD setting on ImageNet-1K and video AMD settings on Kinetics-400 and Something-Something V2.,2026-08-11
Clustering-based multi-featured self-supervised learning for human activities and video retrieval,"Muhammad Hafeez Javed, Zeng Yu, Taha M. Rajeh, Fahad Rafique & Tianrui Li",CMS2L,Contrastive,UCF101; HMDB51,UCF101; HMDB51,UCF101; HMDB51,2024,Applied Intelligence 2024,No,peer_reviewed,10.1007/s10489-024-05460-8,,https://link.springer.com/article/10.1007/s10489-024-05460-8,,The full-text evaluation figures identify UCF101 and HMDB51 action-recognition and retrieval benchmarks.,2026-08-11
Controllable Augmentations for Video Representation Learning,"Rui Qian, Weiyao Lin, John See, Dian Li",Controllable Augmentations,Contrastive,Kinetics-400; UCF101,Kinetics-400; UCF101; HMDB51; ActivityNet,Kinetics-400; UCF101; HMDB51; ActivityNet,2024,Visual Intelligence 2024,No,peer_reviewed,10.1007/s44267-023-00034-7,2203.16632,https://link.springer.com/article/10.1007/s44267-023-00034-7,,,2026-08-11
CycleCL: Self-supervised Learning for Periodic Videos,"Matteo Destro, Michael Gygl",CycleCL,Contrastive,Industrial periodic-motion videos; Countix,Industrial periodic-motion videos; Countix; QUVA Repetition; PERTUBE,Industrial periodic-motion videos; Countix; QUVA Repetition; PERTUBE,2024,WACV 2024,No,peer_reviewed,10.1109/WACV57701.2024.00284,,https://openaccess.thecvf.com/content/WACV2024/html/Destro_CycleCL_Self-Supervised_Learning_for_Periodic_Videos_WACV_2024_paper.html,,,2026-08-11
Data Collection-free Masked Video Modeling,"Yuchi Ishikawa, Masayoshi Kondo, Yoshimitsu Aoki",Pseudo Motion Generator (PMG) with masked video modeling,Generative / Masked,ImageNet-1K; PASS; FractalDB; Shaders1k; Visual Atom,UCF101; HMDB51; Mini Something-Something V2; Diving48; IKEA Furniture Assembly; UAV-Human; Kinetics-400,ImageNet-1K; PASS; FractalDB; Shaders1k; Visual Atom; UCF101; HMDB51; Mini Something-Something V2; Diving48; IKEA Furniture Assembly; UAV-Human; Kinetics-400,2024,ECCV 2024,No,peer_reviewed,10.1007/978-3-031-73247-8_3,2409.06665,https://www.ecva.net/papers/eccv_2024/papers_ECCV/html/1790_ECCV_2024_paper.php,,"PMG is evaluated with real and synthetic static-image sources; the downstream suite includes small, domain-shifted, and large-scale action datasets.",2026-08-11
ES3: Evolving Self-Supervised Learning of Robust Audio-Visual Speech Representations,"Yuanhang Zhang, Shuang Yang, Shiguang Shan, Xilin Chen;",ES3,Multimodal / Audio-Visual,LRS2-BBC; LRS3-TED,LRS2-BBC; LRS3-TED; CAS-VSR-S101,LRS2-BBC; LRS3-TED; CAS-VSR-S101,2024,CVPR 2024,No,peer_reviewed,10.1109/CVPR52733.2024.02556,,https://openaccess.thecvf.com/content/CVPR2024/html/Zhang_ES3_Evolving_Self-Supervised_Learning_of_Robust_Audio-Visual_Speech_Representations_CVPR_2024_paper.html,,The primary configurations use 223 hours of LRS2-BBC and 433 hours of LRS3-TED; VoxCeleb2-En is discussed as an unavailable scale alternative.,2026-08-11
EVEREST: Efficient Masked Video Autoencoder by Removing Redundant Spatiotemporal Tokens,"Sunil Hwang, Jaehong Yoon, Youngwan Lee, Sung Ju Hwan",EVEREST,Generative / Masked,Kinetics-400; Something-Something V2; Ego4D,Kinetics-400; Something-Something V2; UCF101; HMDB51; Ego4D,Kinetics-400; Something-Something V2; Ego4D; UCF101; HMDB51,2024,ICML 2024,No,peer_reviewed,,2211.10636,https://proceedings.mlr.press/v235/hwang24d.html,https://github.com/sunilhoho/VideoMS,,2026-08-11
Extending Video Masked Autoencoders to 128 Frames,"Nitesh Bharadwaj Gundavarapu, Luke Friedman, Raghav Goyal, Chaitra Hegde, Eirikur Agustsson, Sagar M. Waghmare, Mikhail Sirotenko, Ming-Hsuan Yang, Tobias Weyand, Boqing Gong, Leonid Sigal",Long VideoMAE (LVMAE),Generative / Masked,Kinetics-600; Kinetics-710; EPIC-KITCHENS-100; Diving48,EPIC-KITCHENS-100; Diving48; Something-Something V2; FineGym288,Kinetics-600; Kinetics-710; EPIC-KITCHENS-100; Diving48; Something-Something V2; FineGym288,2024,NeurIPS 2024,Yes,peer_reviewed,10.52202/079017-3856,2411.13683,https://proceedings.neurips.cc/paper_files/paper/2024/hash/8f08d4f7b00b763c2553f73d34157b0d-Abstract-Conference.html,,The learned token selector uses Kinetics-600; some long-video training also incorporates unlabeled Kinetics-710 clips.,2026-08-11
FILS: Self-Supervised Video Feature Prediction In Semantic Language Space,"Mona Ahmadian, Frank Guerin, Andrew Gilbert",FILS,Generative / Masked,EPIC-KITCHENS-100; Something-Something V2,EPIC-KITCHENS-100; Something-Something V2; Charades-Ego; EGTEA Gaze+,EPIC-KITCHENS-100; Something-Something V2; Charades-Ego; EGTEA Gaze+,2024,BMVC 2024,No,peer_reviewed,,2406.03447,https://bmva-archive.org.uk/bmvc/2024/papers/Paper_790/paper.pdf,,,2026-08-11
GLOCAL: A self-supervised learning framework for global and local motion estimation,"Yihao Zheng , Kunming Luo , Shuaicheng Liu , Zun Li , Ye Xiang , Lifang Wu , Bing Zeng , Chang Wen Chen",GLOCAL,Pretext / Predictive,Deep Homography Estimation dataset; NCAA; UCF101,Deep Homography Estimation dataset; NCAA; UCF101,Deep Homography Estimation dataset; NCAA; UCF101,2024,Pattern Recognition Letters 2024,No,peer_reviewed,10.1016/j.patrec.2023.12.024,,https://www.sciencedirect.com/science/article/pii/S016786552300377X,,,2026-08-11
Learning to Predict Activity Progress by Self-Supervised Video Alignment,"Gerard Donahue, Ehsan Elhamifar;",Generalized Temporal Cycle Consistency (GTCC),Pretext / Predictive,Pouring; Penn Action; COIN; EgoProceL,Pouring; Penn Action; COIN; EgoProceL; CMU-MMAC; EGTEA Gaze+; MECCANO; EPIC-Tent,Pouring; Penn Action; COIN; EgoProceL; CMU-MMAC; EGTEA Gaze+; MECCANO; EPIC-Tent,2024,CVPR 2024,No,peer_reviewed,10.1109/CVPR52733.2024.01766,,https://openaccess.thecvf.com/content/CVPR2024/html/Donahue_Learning_to_Predict_Activity_Progress_by_Self-Supervised_Video_Alignment_CVPR_2024_paper.html,https://github.com/gerardDonahue/GTCC_CVPR2024,"EgoProceL aggregates CMU-MMAC, EGTEA Gaze+, MECCANO, and EPIC-Tent procedure videos.",2026-08-11
MAR: Masked Autoencoders for Efficient Action Recognition,"Zhiwu Qing, Shiwei Zhang, Ziyuan Huang, Xiang Wang, Yuehuan Wang, Yiliang Lv, Changxin Gao, Nong Sang",Masked Action Recognition (MAR),Generative / Masked,Kinetics-400; Something-Something V2,Kinetics-400; Something-Something V2; UCF101; HMDB51,Kinetics-400; Something-Something V2; UCF101; HMDB51,2024,IEEE Transactions on Multimedia 2024,No,peer_reviewed,10.1109/TMM.2023.3263288,2207.11660,https://ieeexplore.ieee.org/document/10089159,https://github.com/alibaba-mmai-research/Masked-Action-Recognition,,2026-08-11
Motion-guided spatiotemporal multitask feature discrimination for self-supervised video representation learning,"Shuai Bi, Zhengping Hu, Hehao Zhang, Jirui Di, Zhe Sun",Motion-guided Spatiotemporal Multitask Feature Discrimination,Contrastive,Kinetics-400,Kinetics-400; UCF101; HMDB51,Kinetics-400; UCF101; HMDB51,2024,Pattern Recognition 2024,No,peer_reviewed,10.1016/j.patcog.2024.110713,,https://www.sciencedirect.com/science/article/pii/S0031320324004643,,,2026-08-11
MotionMAE: Self-supervised Video Representation Learning with Motion-Aware Masked Autoencoders,"Haosen Yang, Deng Huang, Bin Wen, Jiannan Wu, Hongxun Yao, Yi Jiang, Xiatian Zhu, Zehuan Yuan",MotionMAE,Generative / Masked,Kinetics-400; Something-Something V2,Kinetics-400; Something-Something V2; UCF101; HMDB51; DAVIS 2017,Kinetics-400; Something-Something V2; UCF101; HMDB51; DAVIS 2017,2024,BMVC 2024,No,peer_reviewed,,2210.04154,https://bmvc2024.org/proceedings/499/,https://github.com/happy-hsy/MotionMAE,,2026-08-11
No More Shortcuts: Realizing the Potential of Temporal Self-Supervision,"Ishan Rajendrakumar Dave, Simon Jenni, Mubarak Shah.",Out-of-order Frame Localization (OFL) and Time-varying Skiprate Prediction (TSP),Pretext / Predictive,Kinetics-400; UCF101,UCF101; HMDB51; Kinetics-400; Something-Something V2; NTU RGB+D 60; Charades; HVU; DAVIS 2017; JHMDB; CASIA-B,Kinetics-400; UCF101; HMDB51; Something-Something V2; NTU RGB+D 60; Charades; HVU; DAVIS 2017; JHMDB; CASIA-B,2024,AAAI 2024,No,peer_reviewed,10.1609/aaai.v38i2.27913,2312.13008,https://ojs.aaai.org/index.php/AAAI/article/view/27913,,UCF101 is used for core ablations; the main transferable representation is pretrained on Kinetics-400.,2026-08-11
Positive and negative sampling strategies for self-supervised learning on audio-video data,"Shanshan Wang, Soumya Tripathy, Toni Heittola, Annamaria Mesaros",Class-aware soft-positive audio-visual contrastive sampling,Multimodal / Audio-Visual,VGGSound,VGGSound; TAU Urban Audio-Visual Scenes 2021; FSDnoisy18k,VGGSound; TAU Urban Audio-Visual Scenes 2021; FSDnoisy18k,2024,ICASSP Workshops 2024,No,peer_reviewed,10.1109/ICASSPW62465.2024.10626141,2402.02899,https://cmsworkshops.com/ICASSP2024/view_paper.php?PaperNum=11780,,,2026-08-11
Repeat and learn: Self-supervised visual representations learning by Repeated Scene Localization,"Yuanhang Zhang, Shuang Yang, Shiguang Shan, Xilin Chen;",Repeated Scene Localization (RSL),Pretext / Predictive,UCF101; HMDB51,UCF101; HMDB51,UCF101; HMDB51,2024,Pattern Recognition 2024,No,peer_reviewed,10.1016/j.patcog.2024.110804,,https://www.sciencedirect.com/science/article/pii/S0031320324005557,https://github.com/Hussein-A-Hassan/RSL-Pretext,,2026-08-11
Scaling 4D Representations,João Carreira et al.,4DS / SimpleMAE scaling study,Generative / Masked,170M web videos,Perception Test; Waymo Open; RealEstate10K; ScanNet; Something-Something V2; Kinetics-700-2020,170M web videos; Perception Test; Waymo Open; RealEstate10K; ScanNet; Something-Something V2; Kinetics-700-2020,2024,arXiv / Preprint,No,preprint,,2412.15212,https://arxiv.org/abs/2412.15212,,The pretraining corpus is described by scale rather than released as a named public dataset.,2026-08-11
Self-supervised Learning of Semantic Correspondence Using Web Videos,"Donghyeon Kwon, Minsu Cho, Suha Kwak;",Web-video correspondence mining with domain adaptation,Pretext / Predictive,"2,124 class-retrieved web videos",PF-PASCAL; PF-Willow; SPair-71K,"2,124 class-retrieved web videos; PF-PASCAL; PF-Willow; SPair-71K",2024,WACV 2024,No,peer_reviewed,10.1109/WACV57701.2024.00214,,https://openaccess.thecvf.com/content/WACV2024/html/Kwon_Self-Supervised_Learning_of_Semantic_Correspondence_Using_Web_Videos_WACV_2024_paper.html,,The web videos are retrieved using object classes represented in the three target correspondence benchmarks.,2026-08-11
Self-supervised learning of video representations from a child's perspective,"A. Emin Orhan, Wentao Wang, Alex N. Wang, Mengye Ren, Brenden M. Lake;",Spatiotemporal MAE on child-perspective video,Generative / Masked,SAYCam; Kinetics-700; Kinetics-200h,Something-Something V2; Kinetics-700; ImageNet-1K; OOD ImageNet,SAYCam; Kinetics-700; Kinetics-200h; Something-Something V2; ImageNet-1K; OOD ImageNet,2024,CogSci 2024,No,peer_reviewed,,2402.00300,https://escholarship.org/uc/item/5ng8w8tv,https://github.com/eminorhan/video-models,OOD ImageNet denotes the 17 perturbation and transformation tasks used by the paper.,2026-08-11
Self-Supervised Learning via Multi-Transformation Classification for Action Recognition,Duc-Quang Vu; Ngan Le; Jia-Ching Wang,Multi-Transformation Classification,Pretext / Predictive,UCF101; HMDB51,UCF101; HMDB51,UCF101; HMDB51,2024,ICME Workshops 2024,No,peer_reviewed,10.1109/ICMEW63481.2024.10645477,2102.10378,https://doi.org/10.1109/ICMEW63481.2024.10645477,,,2026-08-11
Self-supervised Video Object Segmentation with Distillation Learning of Deformable Attention,"Quang-Trung Truong,Duc Thanh Nguyen, Binh-Son Hua, Sai-Kit Yeung",Deformable-attention distillation for VOS,Distillation / Teacher-Student,DAVIS 2016; DAVIS 2017; YouTube-VOS 2018; YouTube-VOS 2019,DAVIS 2016; DAVIS 2017; YouTube-VOS 2018; YouTube-VOS 2019,DAVIS 2016; DAVIS 2017; YouTube-VOS 2018; YouTube-VOS 2019,2024,arXiv / Preprint,No,preprint,,2401.13937,https://arxiv.org/abs/2401.13937,,,2026-08-11
Self-Supervised Video Representation Learning by Video Incoherence Detection,"Haozhi Cao, Yuecong Xu, Kezhi Mao, Lihua Xie, Jianxiong Yin, Simon See, Qianwen Xu, and Jianfei Yang",Video Incoherence Detection (VID),Pretext / Predictive,UCF101; HMDB51; Kinetics-400,UCF101; HMDB51; Kinetics-400,UCF101; HMDB51; Kinetics-400,2024,IEEE Transactions on Cybernetics 2024,No,peer_reviewed,10.1109/TCYB.2023.3265393,2109.12493,https://ieeexplore.ieee.org/document/10106103,,,2026-08-11
Self-supervised Video Representation Learning via Capturing Semantic Changes Indicated by Saccades,"Qiuxia Lai, Ailing Zeng, Ye Wang, Lihong Cao, Yu Li, Qiang Xu, IEEE",Saccade-inspired semantic-change learning,Contrastive,UCF101; HMDB51,UCF101; HMDB51,UCF101; HMDB51,2024,IEEE Transactions on Circuits and Systems for Video Technology 2024,No,peer_reviewed,10.1109/TCSVT.2023.3290938,,https://ieeexplore.ieee.org/document/10168973,,,2026-08-11
SIGMA: Sinkhorn-Guided Masked Video Modeling,"Mohammadreza Salehi, Michael Dorkenwald, Fida Mohammad Thoker, Efstratios Gavves, Cees G. M. Snoek & Yuki M. Asano",SIGMA,Generative / Masked,Kinetics-400; Something-Something V2,Kinetics-400; Something-Something V2; UCF101; HMDB51; ImageNet-1K; CIFAR-100; FineGym Gym99; FineGym FX-S1; FineGym UB-S1; UCFRep; Charades,Kinetics-400; Something-Something V2; UCF101; HMDB51; ImageNet-1K; CIFAR-100; FineGym Gym99; FineGym FX-S1; FineGym UB-S1; UCFRep; Charades,2024,ECCV 2024,No,peer_reviewed,10.1007/978-3-031-72691-0_17,,https://www.ecva.net/papers/eccv_2024/papers_ECCV/html/3506_ECCV_2024_paper.php,https://quva-lab.github.io/SIGMA,"The SEVERE suite contributes Gym99, UCF101 and FineGym low-shot tests, FX-S1, UB-S1, UCFRep, and Charades.",2026-08-11
ST2ST: Self-Supervised Test-time Adaptation for Video Action Recognition,"Masud An-Nur Islam Fahim, Mohammed Innat, Jani Boutellier;",ST2ST,Other / Hybrid,Kinetics-400; Something-Something V2,Kinetics-400; Something-Something V2; Kinetics-400-C; Something-Something V2-C,Kinetics-400; Something-Something V2; Kinetics-400-C; Something-Something V2-C,2024,CVPR Workshops 2024,No,peer_reviewed,10.1109/CVPRW63382.2024.00112,,https://openaccess.thecvf.com/content/CVPR2024W/MAT/html/Fahim_ST2ST_Self-Supervised_Test-time_Adaptation_for_Video_Action_Recognition_CVPRW_2024_paper.html,,,2026-08-11
Structured Video-Language Modeling with Temporal Grouping and Spatial Grounding,"Xiong, Y., Zhao, L., Gong, B., Yang, M. H., Schroff, F., Liu, T., ... & Yuan, L.",S-ViLM,Multimodal / Audio-Visual,Kinetics-400; VideoCC; ActivityNet Captions,MSR-VTT; MSRVTT-QA; MSVD-QA; UCF101; HMDB51; ActivityNet,Kinetics-400; VideoCC; ActivityNet Captions; MSR-VTT; MSRVTT-QA; MSVD-QA; UCF101; HMDB51; ActivityNet,2024,ICLR 2024,No,peer_reviewed,,2303.16341,https://openreview.net/forum?id=5dlfiJIXoh,,,2026-08-11
Text-Guided Video Masked Autoencoder,"David Fan, Jue Wang, Shuai Liao, Zhikang Zhang, Vimal Bhat, Xinyu Li",Text-Guided Masking (TGM),Generative / Masked,Something-Something V2; Kinetics-400,Something-Something V2; Kinetics-400; UCF101; HMDB51; Diving48; EPIC-KITCHENS-55,Something-Something V2; Kinetics-400; UCF101; HMDB51; Diving48; EPIC-KITCHENS-55,2024,ECCV 2024,No,peer_reviewed,10.1007/978-3-031-72652-1_17,2408.00759,https://www.ecva.net/papers/eccv_2024/papers_ECCV/html/1737_ECCV_2024_paper.php,,,2026-08-11
Towards Latent Masked Image Modeling for Self-supervised Visual Representation Learning,"Yibing Wei, Abhinav Gupta & Pedro Morgado",Latent MIM,Generative / Masked,ImageNet-100; ImageNet-1K,ImageNet-1K; DAVIS 2017; Caltech101; DTD; Oxford Flowers 102; Oxford-IIIT Pets; Stanford Cars; SUN397; UCF101,ImageNet-100; ImageNet-1K; DAVIS 2017; Caltech101; DTD; Oxford Flowers 102; Oxford-IIIT Pets; Stanford Cars; SUN397; UCF101,2024,ECCV 2024,No,peer_reviewed,10.1007/978-3-031-72933-1_1,2407.15837,https://www.ecva.net/papers/eccv_2024/papers_ECCV/html/5568_ECCV_2024_paper.php,https://github.com/yibingwei-1/LatentMIM,,2026-08-11
ViC-MAE: Self-supervised Representation Learning from Images and Video with Contrastive Masked Autoencoders,"Jefferson Hernandez, Ruben Villegas, Vicente Ordonez;",ViC-MAE,Other / Hybrid,Moments in Time; Kinetics-400; Kinetics-600; Kinetics-700; Kinetics-710; ImageNet-1K,ImageNet-1K; Kinetics-400; Something-Something V2; Places365; Caltech101; CIFAR-10; CIFAR-100; DTD; Flowers102; Food101; Oxford-IIIT Pets; SUN397,Moments in Time; Kinetics-400; Kinetics-600; Kinetics-700; Kinetics-710; ImageNet-1K; Something-Something V2; Places365; Caltech101; CIFAR-10; CIFAR-100; DTD; Flowers102; Food101; Oxford-IIIT Pets; SUN397,2024,ECCV 2024,No,peer_reviewed,10.1007/978-3-031-73235-5_25,2303.12001,https://www.ecva.net/papers/eccv_2024/papers_ECCV/html/00629_ECCV_2024_paper.php,https://github.com/jeffhernandez1995/ViC-MAE,,2026-08-11
VicTR: Video-conditioned Text Representations for Activity Recognition,"Kumara Kahatapitiya, Anurag Arnab, Arsha Nagrani, Michael S. Ryoo",VicTR,Multimodal / Audio-Visual,Kinetics-400,HMDB51; UCF101; Kinetics-400; Charades,Kinetics-400; HMDB51; UCF101; Charades,2024,CVPR 2024,No,peer_reviewed,,2304.02560,https://openaccess.thecvf.com/content/CVPR2024/html/Kahatapitiya_VicTR_Video-conditioned_Text_Representations_for_Activity_Recognition_CVPR_2024_paper.html,,,2026-08-11
Video Compression and Action Recognition in Self-supervised Learning,Zongbo Hao; Conghui Hao; Kecheng He,Spatiotemporal-context auxiliary learning for compression and recognition,Pretext / Predictive,UCF101,UCF101,UCF101,2024,IPEC 2024,No,peer_reviewed,10.1109/IPEC61310.2024.00022,,https://ieeexplore.ieee.org/document/10695541,,"The accessible IEEE abstract explicitly identifies UCF101; no second named dataset is exposed in the accessible primary-source metadata, so none is guessed.",2026-08-11
VideoMAC: Video Masked Autoencoders Meet ConvNets,"Gensheng Pei, Tao Chen, Xiruo Jiang, Huafeng Liu, Zeren Sun, Yazhou Yao",VideoMAC,Generative / Masked,Kinetics-400,DAVIS 2017; VIP; JHMDB,Kinetics-400; DAVIS 2017; VIP; JHMDB,2024,CVPR 2024,No,peer_reviewed,10.1109/CVPR52733.2024.02145,,https://openaccess.thecvf.com/content/CVPR2024/html/Pei_VideoMAC_Video_Masked_Autoencoders_Meet_ConvNets_CVPR_2024_paper.html,,,2026-08-11
What When and Where? Self-Supervised Spatio-Temporal Grounding in Untrimmed Multi-Action Videos from Narrated Instructions,"Brian Chen, Nina Shvetsova, Andrew Rouditchenko, Daniel Kondermann, Samuel Thomas, Shih-Fu Chang, Rogerio Feris, James Glass, Hilde Kuehne",Self-supervised narrated spatiotemporal grounding,Multimodal / Audio-Visual,HowTo100M,MiningYouTube; YouCook-Interactions; YouCook2,HowTo100M; MiningYouTube; YouCook-Interactions; YouCook2,2024,CVPR 2024,No,peer_reviewed,10.1109/CVPR52733.2024.01743,,https://openaccess.thecvf.com/content/CVPR2024/html/Chen_What_When_and_Where_Self-Supervised_Spatio-Temporal_Grounding_in_Untrimmed_Multi-Action_CVPR_2024_paper.html,,"MiningYouTube is introduced by the paper with more than 5,000 events across 250 multi-action videos.",2026-08-11
XKD: Cross-modal Knowledge Distillation with Domain Alignment for Video Representation Learning,"Pritam Sarkar, Ali Etemad",XKD,Multimodal / Audio-Visual,Kinetics-Sounds; Kinetics-400; AudioSet,Kinetics-400; UCF101; HMDB51; Kinetics-Sounds; ESC-50; FSD50K,Kinetics-Sounds; Kinetics-400; AudioSet; UCF101; HMDB51; ESC-50; FSD50K,2024,AAAI 2024,No,peer_reviewed,10.1609/aaai.v38i13.29407,2211.13929,https://ojs.aaai.org/index.php/AAAI/article/view/29407,https://github.com/pritamqu/XKD,,2026-08-11
AdaMAE: Adaptive Masking for Efficient Spatiotemporal Learning with Masked Autoencoders,"Wele Gedara Chaminda Bandara, Naman Patel, Ali Gholami, Mehdi Nikkhah, Motilal Agrawal, Vishal M. Patel",AdaMAE,Generative / Masked,Something-Something V2; Kinetics-400,Something-Something V2; Kinetics-400,Something-Something V2; Kinetics-400,2023,CVPR 2023,No,peer_reviewed,,2211.09120,https://openaccess.thecvf.com/content/CVPR2023/html/Bandara_AdaMAE_Adaptive_Masking_for_Efficient_Spatiotemporal_Learning_With_Masked_Autoencoders_CVPR_2023_paper.html,,,2026-08-11
Attentive spatial-temporal contrastive learning for self-supervised video representation,"Xingming Yang, Sixuan Xiong, Kewei Wu, Dongfeng Shan, Zhao Xie",ASTCNet,Contrastive,UCF101; HMDB51,UCF101; HMDB51,UCF101; HMDB51,2023,Image and Vision Computing 2023,No,peer_reviewed,10.1016/j.imavis.2023.104765,,https://www.sciencedirect.com/science/article/pii/S0262885623001397,,,2026-08-11
Audio-Visual Contrastive Learning with Temporal Self-Supervision,"Simon Jenni, Alexander Black, and John Collomosse",Audio-visual contrastive learning with temporal self-supervision,Multimodal / Audio-Visual,Kinetics-600; Kinetics-400,UCF101; HMDB51; ESC-50; VGGSound; Kinetics-600,Kinetics-600; Kinetics-400; UCF101; HMDB51; ESC-50; VGGSound,2023,AAAI 2023,No,peer_reviewed,10.1609/aaai.v37i7.25967,2302.07702,https://ojs.aaai.org/index.php/AAAI/article/view/25967,,,2026-08-11
AV-MaskEnhancer: Enhancing Video Representations through Audio-Visual Masked Autoencoder,"Xingjian Diao, Ming Cheng, Shitong Cheng",AV-MaskEnhancer,Multimodal / Audio-Visual,Kinetics-400,UCF101,Kinetics-400; UCF101,2023,ICTAI 2023,No,peer_reviewed,,2309.08738,https://ieeexplore.ieee.org/document/10356561,,,2026-08-11
Cali-NCE: Boosting Cross-Modal Video Representation Learning With Calibrated Alignment,"Zhao, N., Jiao, J., Xie, W., & Lin, D.",Cali-NCE,Multimodal / Audio-Visual,WebVid-2M,MSR-VTT; MSVD; UCF101; HMDB51,WebVid-2M; MSR-VTT; MSVD; UCF101; HMDB51,2023,CVPR Workshops 2023,No,peer_reviewed,,,https://openaccess.thecvf.com/content/CVPR2023W/WFM/html/Zhao_Cali-NCE_Boosting_Cross-Modal_Video_Representation_Learning_With_Calibrated_Alignment_CVPRW_2023_paper.html,,The controlled robustness experiment trains on a randomly selected one-sixth subset of WebVid-2M.,2026-08-11
CHAIN: Exploring Global-Local Spatio-Temporal Information for Improved Self-Supervised Video Hashing,"Rukai Wei, Yu Liu, Jingkuan Song, Heng Cui, Yanzhao Xie, Ke Zhou",CHAIN,Other / Hybrid,FCVID; UCF101; ActivityNet; HMDB51,FCVID; UCF101; ActivityNet; HMDB51,FCVID; UCF101; ActivityNet; HMDB51,2023,ACM Multimedia 2023,No,peer_reviewed,10.1145/3581783.3613440,,https://dl.acm.org/doi/10.1145/3581783.3613440,,,2026-08-11
CMAE-V: Contrastive Masked Autoencoders for Video Action Recognition,"Cheng-Ze Lu, Xiaojie Jin, Zhicheng Huang, Qibin Hou, Ming-Ming Cheng, Jiashi Feng",CMAE-V,Other / Hybrid,Kinetics-400; Something-Something V2,Kinetics-400; Something-Something V2,Kinetics-400; Something-Something V2,2023,arXiv / Preprint,No,preprint,,2301.06018,https://arxiv.org/abs/2301.06018,,,2026-08-11
Concatenated Masked Autoencoders as Spatial-Temporal Learner,"Zhouqiang Jiang, Bowen Wang, Tong Xiang, Zhaofeng Niu, Hong Tang, Guangshun Li, Liangzhi Li",CatMAE,Generative / Masked,Kinetics-400,DAVIS 2017; Kinetics-400,Kinetics-400; DAVIS 2017,2023,arXiv / Preprint,No,preprint,,2311.00961,https://arxiv.org/abs/2311.00961,,,2026-08-11
Consistent Intra-video Contrastive Learning with Asynchronous Long-term Memory Bank,"Zelin Chen, Kun-Yu Lin, Wei-Shi Zheng",Consistent Intra-Video Contrastive Learning,Contrastive,Kinetics-400; UCF101,UCF101; HMDB51,Kinetics-400; UCF101; HMDB51,2023,IEEE Transactions on Circuits and Systems for Video Technology 2023,No,peer_reviewed,10.1109/TCSVT.2022.3207174,,https://ieeexplore.ieee.org/document/9893855,,,2026-08-11
Continuous frame motion sensitive self-supervised collaborative network for video representation learning,"Shuai Bi, Zhengping Hu, Mengyao Zhao, Hehao Zhang, Jirui Di, and Zhe Sun",Continuous-frame motion-sensitive collaborative network,Other / Hybrid,UCF101; HMDB51,UCF101; HMDB51,UCF101; HMDB51,2023,Advanced Engineering Informatics 2023,No,peer_reviewed,10.1016/j.aei.2023.101941,,https://www.sciencedirect.com/science/article/pii/S1474034623000691,,,2026-08-11
Cross-modal Manifold Cutmix for Self-supervised Video Representation Learning,Srijan Das; Michael Ryoo,Cross-modal Manifold CutMix (CMMC / STC-mix),Multimodal / Audio-Visual,UCF101; HMDB51; NTU RGB+D 60,UCF101; HMDB51; NTU RGB+D 60,UCF101; HMDB51; NTU RGB+D 60,2023,MVA 2023,No,peer_reviewed,,,https://ieeexplore.ieee.org/document/10216260,,,2026-08-11
Data-Efficient Masked Video Modeling for Self-supervised Action Recognition,"Qiankun Li, Xiaolong Huang, Zhifan Wan, Lanqing Hu, Shuzhe Wu, Jie Zhang, Shiguang Shan, Zengfu Wang(",Data-Efficient Masked Video Modeling (DEMVM),Generative / Masked,UCF101; HMDB51,UCF101; HMDB51; Diving48,UCF101; HMDB51; Diving48,2023,ACM Multimedia 2023,No,peer_reviewed,10.1145/3581783.3612496,,https://dl.acm.org/doi/10.1145/3581783.3612496,,,2026-08-11
Enhancing motion visual cues for self-supervised video representation learning,"Mu Nie, Zhibin Quan, Weiping Ding, and Wankou Yang",Enhancing Motion Visual Cues (EMVC),Contrastive,UCF101; HMDB51,UCF101; HMDB51,UCF101; HMDB51,2023,Engineering Applications of Artificial Intelligence 2023,No,peer_reviewed,10.1016/j.engappai.2023.106203,,https://www.sciencedirect.com/science/article/pii/S0952197623003871,,,2026-08-11
Fine-Grained Spatiotemporal Motion Alignment for Contrastive Video Representation Learning,"Minghao Zhu, Xiao Lin, Ronghao Dang, Chengju Liu, Qijun Chen",FIMA,Contrastive,UCF101; Kinetics-400,UCF101; HMDB51; Diving48; Kinetics-400,UCF101; Kinetics-400; HMDB51; Diving48,2023,ACM Multimedia 2023,No,peer_reviewed,10.1145/3581783.3611932,2309.00297,https://dl.acm.org/doi/10.1145/3581783.3611932,,,2026-08-11
Flavr: Flow-agnostic Video Representations for Fast Frame Interpolation,"Tarun Kalluri, Deepak Pathak, Manmohan Chandraker, and Du Tran",FLAVR,Pretext / Predictive,Vimeo-90K; GoPro,Vimeo-90K; UCF101; DAVIS; Adobe-240FPS; GoPro; SNU-FILM; Middlebury; HMDB51; MPI Sintel; KITTI; DAVIS 2017,Vimeo-90K; GoPro; UCF101; DAVIS; Adobe-240FPS; SNU-FILM; Middlebury; HMDB51; MPI Sintel; KITTI; DAVIS 2017,2023,WACV 2023,No,peer_reviewed,,,https://openaccess.thecvf.com/content/WACV2023/html/Kalluri_FLAVR_Flow-Agnostic_Video_Representations_for_Fast_Frame_Interpolation_WACV_2023_paper.html,,,2026-08-11
HomE: Homography-Equivariant Video Representation Learning,"Anirudh Sriram, Adrien Gaidon, Jiajun Wu, Juan Carlos Niebles, Li Fei-Fei, and Ehsan Adeli",HomE,Pretext / Predictive,Synthetic CIFAR-10; UCF101; Stanford-TRI Intent Prediction,Synthetic CIFAR-10; UCF101; Stanford-TRI Intent Prediction,Synthetic CIFAR-10; UCF101; Stanford-TRI Intent Prediction,2023,arXiv / Preprint,No,preprint,,2306.01623,https://arxiv.org/abs/2306.01623,https://github.com/anirudhs123/HomE,,2026-08-11
Language-based Action Concept Spaces Improve Video Self-Supervised Learning,"Kanchana Ranasinghe, Michael S Ryoo",Language-based Self-Supervision (LSS),Multimodal / Audio-Visual,Kinetics-400,Kinetics-400; UCF101; HMDB51; Charades,Kinetics-400; UCF101; HMDB51; Charades,2023,NeurIPS 2023,Yes,peer_reviewed,10.52202/075280-3277,,https://proceedings.neurips.cc/paper_files/paper/2023/hash/ed67dff7cb96e7e86c4d91c0d5db49bb-Abstract-Conference.html,,"Kinetics-400, UCF101, and HMDB51 labels form the base concept vocabulary; the self-supervised training phase itself uses Kinetics-400 videos.",2026-08-11
Learning Fine-Grained Features for Pixel-wise Video Correspondences,"Li, R., Zhou, S., & Liu, D.",Adversarial fine-grained correspondence learning,Pretext / Predictive,FlyingThings3D; YouTube-VOS,BADJA; JHMDB; TAP-Vid-DAVIS; TAP-Vid-Kinetics; DAVIS 2017,FlyingThings3D; YouTube-VOS; BADJA; JHMDB; TAP-Vid-DAVIS; TAP-Vid-Kinetics; DAVIS 2017,2023,ICCV 2023,No,peer_reviewed,10.1109/ICCV51070.2023.00883,2308.03040,https://openaccess.thecvf.com/content/ICCV2023/html/Li_Learning_Fine-Grained_Features_for_Pixel-Wise_Video_Correspondences_ICCV_2023_paper.html,,,2026-08-11
Learning Representational Invariances for Data-Efficient Action Recognition,"Yuliang Zou, Jinwoo Choi, Qitong Wang, Jia-Bin Huang",Representational-invariance augmentation study,Contrastive,UCF101; HMDB51; Kinetics-100; Kinetics-400; Mini Something-Something V2,UCF101; HMDB51; Kinetics-100; Mini Something-Something V2,UCF101; HMDB51; Kinetics-100; Kinetics-400; Mini Something-Something V2,2023,Computer Vision and Image Understanding 2023,No,peer_reviewed,10.1016/j.cviu.2022.103597,2103.16565,https://www.sciencedirect.com/science/article/pii/S1077314222001748,https://github.com/vt-vl-lab/video-data-aug,,2026-08-11
LgNet: A local-global network for action recognition and beyond,"Jiaqi Zhou, Zehua Fu, Qiuyu Huang, Qingjie Liu, Yunhong Wang",LgNet,Other / Hybrid,Kinetics-400,Kinetics-400; UCF101; HMDB51; Something-Something V2,Kinetics-400; UCF101; HMDB51; Something-Something V2,2023,IEEE Transactions on Multimedia 2023,No,peer_reviewed,10.1109/TMM.2022.3189253,,https://ieeexplore.ieee.org/document/9817623,,,2026-08-11
Masked Motion Encoding for Self-Supervised Video Representation Learning,"Xinyu Sun, Peihao Chen, Liangwei Chen, Thomas H. Li, Mingkui Tan, Chuang Gan",Masked Motion Encoding (MME),Generative / Masked,Kinetics-400; Something-Something V2,Kinetics-400; Something-Something V2; UCF101; HMDB51,Kinetics-400; Something-Something V2; UCF101; HMDB51,2023,CVPR 2023,No,peer_reviewed,,2210.06096,https://openaccess.thecvf.com/content/CVPR2023/html/Sun_Masked_Motion_Encoding_for_Self-Supervised_Video_Representation_Learning_CVPR_2023_paper.html,https://github.com/XinyuSun/MME,,2026-08-11
Masked Video Distillation: Rethinking Masked Feature Modeling for Self-supervised Video Representation Learning,"Rui Wang, Dongdong Chen, Zuxuan Wu, Yinpeng Chen, Xiyang Dai, Mengchen Liu, Lu Yuan, Yu-Gang Jiang",Masked Video Distillation (MVD),Distillation / Teacher-Student,ImageNet-1K; Kinetics-400,Kinetics-400; Something-Something V2; UCF101; HMDB51; AVA v2.2,ImageNet-1K; Kinetics-400; Something-Something V2; UCF101; HMDB51; AVA v2.2,2023,CVPR 2023,No,peer_reviewed,,2212.04500,https://openaccess.thecvf.com/content/CVPR2023/html/Wang_Masked_Video_Distillation_Rethinking_Masked_Feature_Modeling_for_Self-Supervised_Video_Representation_CVPR_2023_paper.html,https://github.com/ruiwang2021/mvd,,2026-08-11
MGMAE: Motion Guided Masking for Video Masked Autoencoding,"Bingkun Huang, Zhiyu Zhao, Guozhen Zhang, Yu Qiao, Limin Wang",MGMAE,Generative / Masked,Kinetics-400; Something-Something V2,Kinetics-400; Something-Something V2,Kinetics-400; Something-Something V2,2023,ICCV 2023,No,peer_reviewed,,2308.10794,https://openaccess.thecvf.com/content/ICCV2023/html/Huang_MGMAE_Motion_Guided_Masking_for_Video_Masked_Autoencoding_ICCV_2023_paper.html,https://github.com/MCG-NJU/MGMAE,,2026-08-11
Modeling Video As Stochastic Processes for Fine-Grained Video Representation Learning,"Zhang, H., Liu, D., Zheng, Q., & Su, B.",Video Stochastic Processes (VSP),Contrastive,ImageNet-1K; Penn Action; Pouring; IKEA ASM; FineGym,Penn Action; Pouring; IKEA ASM; FineGym Gym99; FineGym Gym288,ImageNet-1K; Penn Action; Pouring; IKEA ASM; FineGym; FineGym Gym99; FineGym Gym288,2023,CVPR 2023,No,peer_reviewed,,,https://openaccess.thecvf.com/content/CVPR2023/html/Zhang_Modeling_Video_As_Stochastic_Processes_for_Fine-Grained_Video_Representation_Learning_CVPR_2023_paper.html,,,2026-08-11
Motion-Guided Masking for Spatiotemporal Representation Learning,"David Fan, Jue Wang, Shuai Liao, Yi Zhu, Vimal Bhat, Hector Santos-Villalobos, Rohith MV, Xinyu Li",Motion-Guided Masking (MGM),Generative / Masked,Kinetics-400; Something-Something V2,Kinetics-400; Something-Something V2; UCF101; HMDB51; Diving48,Kinetics-400; Something-Something V2; UCF101; HMDB51; Diving48,2023,ICCV 2023,No,peer_reviewed,,2308.12962,https://openaccess.thecvf.com/content/ICCV2023/html/Fan_Motion-Guided_Masking_for_Spatiotemporal_Representation_Learning_ICCV_2023_paper.html,,,2026-08-11
Multi-scale Compositional Constraints for Representation Learning on Videos,"Georgios Paraskevopoulos, Chandrashekhar Lavania, Lovish Chum, and Shiva Sundaram",Multi-scale compositional AVID-CMA,Multimodal / Audio-Visual,AudioSet,UCF101; SumMe,AudioSet; UCF101; SumMe,2023,ICASSP 2023,No,peer_reviewed,,,https://www.amazon.science/publications/multi-scale-compositional-constraints-for-representation-learning-on-videos,,Experiments initialize from an AVID-CMA checkpoint pretrained on the balanced 18K subset of AudioSet.,2026-08-11
Nearest-Neighbor Inter-Intra Contrastive Learning from Unlabeled Videos,"David Fan, Deyu Yang, Xinyu Li, Vimal Bhat, and Rohith MV",Inter-Intra Video Contrastive Learning (IIVCL),Contrastive,Kinetics-400,UCF101; HMDB51; Kinetics-400; Something-Something V2; AVA,Kinetics-400; UCF101; HMDB51; Something-Something V2; AVA,2023,ICLR Workshops 2023,No,peer_reviewed,,2303.07317,https://openreview.net/forum?id=-5_B8g3CcSr,,,2026-08-11
OmniMAE: Single Model Masked Pretraining on Images and Videos,"Rohit Girdhar, Alaaeldin El-Nouby, Mannat Singh,Kalyan Vasudev Alwala, Armand Joulin , Ishan Misra",OmniMAE,Generative / Masked,ImageNet-1K; Something-Something V2,ImageNet-1K; iNaturalist 2018; Places365; Kinetics-400; Something-Something V2; EPIC-KITCHENS-100,ImageNet-1K; Something-Something V2; iNaturalist 2018; Places365; Kinetics-400; EPIC-KITCHENS-100,2023,CVPR 2023,No,peer_reviewed,,2206.08356,https://openaccess.thecvf.com/content/CVPR2023/html/Girdhar_OmniMAE_Single_Model_Masked_Pretraining_on_Images_and_Videos_CVPR_2023_paper.html,https://github.com/facebookresearch/omnivore,,2026-08-11
Previts: contrastive pretraining with video tracking supervision,"Chen, B., Selvaraju, R. R., Chang, S. F., Niebles, J. C., & Naik, N.",PreViTS,Contrastive,VGGSound; Kinetics-400,UCF101; ImageNet-1K; DAVIS; JHMDB; Backgrounds Challenge,VGGSound; Kinetics-400; UCF101; ImageNet-1K; DAVIS; JHMDB; Backgrounds Challenge,2023,WACV 2023,No,peer_reviewed,,2112.00804,https://openaccess.thecvf.com/content/WACV2023/html/Chen_PreViTS_Contrastive_Pretraining_With_Video_Tracking_Supervision_WACV_2023_paper.html,,,2026-08-11
Self-Supervised Audio-Visual Representation Learning with Relaxed Cross-Modal Synchronicity,"Pritam Sarkar, Ali Etemad",CrissCross,Multimodal / Audio-Visual,Kinetics-Sounds; Kinetics-400; AudioSet,Kinetics-400; UCF101; HMDB51; ESC-50; DCASE,Kinetics-Sounds; Kinetics-400; AudioSet; UCF101; HMDB51; ESC-50; DCASE,2023,AAAI 2023,No,peer_reviewed,,2111.05329,https://ojs.aaai.org/index.php/AAAI/article/view/25138,https://pritamqu.github.io/CrissCross,,2026-08-11
Self-Supervised Contrastive Learning for Audio-Visual Action Recognition,"Yang Liu, Ying Tan, Haoyuan Lan",Audio-Visual Contrastive Learning (AVCL),Multimodal / Audio-Visual,Kinetics-Sounds32; Kinetics-Sounds100,Kinetics-Sounds32; Kinetics-Sounds100,Kinetics-Sounds32; Kinetics-Sounds100,2023,ICIP 2023,No,peer_reviewed,,2204.13386,https://ieeexplore.ieee.org/document/10222383,,,2026-08-11
Self-Supervised Learning from Untrimmed Videos via Hierarchical Consistency,"Zhiwu Qing, Shiwei Zhang, Ziyuan Huang, Yi Xu, Xiang Wang, Changxin Gao, Rong Jin, and Nong Sang",Hierarchical Consistency Learning (HiCo),Contrastive,Kinetics-400; Untrimmed Kinetics-400,UCF101; HMDB51; ActivityNet,Kinetics-400; Untrimmed Kinetics-400; UCF101; HMDB51; ActivityNet,2023,IEEE Transactions on Pattern Analysis and Machine Intelligence 2023,No,peer_reviewed,10.1109/TPAMI.2023.3273415,,https://ieeexplore.ieee.org/document/10119224,,The journal study compares standard Kinetics-400 with a 157K-video Untrimmed Kinetics-400 corpus and evaluates action localization on ActivityNet.,2026-08-11
Self-supervised motion perception for spatiotemporal representation learning,"Chang Liu, Yuan Yao, Dezhao Luo, Yu Zhou, Qixiang Ye",Self-Supervised Motion Perception (SMP),Pretext / Predictive,UCF101; Kinetics-400,UCF101; HMDB51,UCF101; Kinetics-400; HMDB51,2023,IEEE Transactions on Neural Networks and Learning Systems 2023,No,peer_reviewed,10.1109/TNNLS.2022.3160860,,https://ieeexplore.ieee.org/document/9745754,https://github.com/yuanyao366/SMP,,2026-08-11
Self-supervised object-centric learning for videos,"Görkay Aydemir, Weidi Xie, Fatma Guney",SOLV,Other / Hybrid,MOVi-E; DAVIS 2017; YouTube-VIS 2019,MOVi-E; DAVIS 2017; YouTube-VIS 2019,MOVi-E; DAVIS 2017; YouTube-VIS 2019,2023,NeurIPS 2023,Yes,peer_reviewed,10.52202/075280-1424,,https://proceedings.neurips.cc/paper_files/paper/2023/hash/67b0e7c7c2a5780aeefe3b79caac106e-Abstract-Conference.html,,,2026-08-11
Self-supervised pretext task collaborative multi-view contrastive learning for video action recognition,"Shuai Bi, Zhengping Hu, Mengyao Zhao, Hehao Zhang, Jirui Di, and Zhe Sun",Pretext-task collaborative multi-view contrastive learning,Other / Hybrid,UCF101; HMDB51,UCF101; HMDB51,UCF101; HMDB51,2023,"Signal, Image and Video Processing 2023",No,peer_reviewed,10.1007/s11760-023-02605-z,,https://link.springer.com/article/10.1007/s11760-023-02605-z,,,2026-08-11
Self-Supervised Scene-Debiasing for Video Representation Learning via Background Patching,"Maregu Assefa, Wei Jiang, Kumie Gedamu, Getinet Yilma, Bulbula Kumeda, Melese Ayalew",Background Patching,Contrastive,Kinetics-400,Kinetics-400; UCF101; HMDB51,Kinetics-400; UCF101; HMDB51,2023,IEEE Transactions on Multimedia 2023,No,peer_reviewed,10.1109/TMM.2022.3193559,,https://ieeexplore.ieee.org/document/9839482,,,2026-08-11
Self-supervised video pretraining yields robust and more human-aligned visual representation,"Nikhil Parthasarathy, S. M. Ali Eslami, João Carreira, Olivier J. Hénaff.",VITO,Contrastive,VideoNet; AudioSet; YouTube-8M; Kinetics-700; ImageNet-1K; JFT-300M,ADE20K; COCO; DAVIS; UCF101; PASCAL VOC; LVIS; ImageNet-1K; ImageNet-A; ImageNet-Vid-Robust; ImageNet-3DCC; ClickMe,VideoNet; AudioSet; YouTube-8M; Kinetics-700; ImageNet-1K; JFT-300M; ADE20K; COCO; DAVIS; UCF101; PASCAL VOC; LVIS; ImageNet-A; ImageNet-Vid-Robust; ImageNet-3DCC; ClickMe,2023,NeurIPS 2023,Yes,peer_reviewed,10.52202/075280-2869,,https://proceedings.neurips.cc/paper_files/paper/2023/hash/cf57022dff0929796f85ac99d7cefa86-Abstract-Conference.html,,VideoNet is the paper's 1.18M-video corpus curated to approximate the ImageNet category distribution; other pretraining datasets appear in controlled comparisons.,2026-08-11
Self-Supervised Video Representation Learning via Latent Time Navigation,"Di Yang, Yaohui Wang, Quan Kong, Antitza Dantcheva, Lorenzo Garattoni, Gianpiero Francesca, and Francois Bremond",Latent Time Navigation (LTN),Contrastive,Kinetics-400,Toyota Smarthome; Kinetics-400; UCF101; HMDB51,Kinetics-400; Toyota Smarthome; UCF101; HMDB51,2023,AAAI 2023,No,peer_reviewed,10.1609/aaai.v37i3.25416,2305.06437,https://ojs.aaai.org/index.php/AAAI/article/view/25416,,,2026-08-11
Self-Supervised Video-Based Action Recognition With Disturbances,"Wei Lin, Xinghao Ding, Yue Huang, Huanqiang Zeng",VARD,Contrastive,UCF101; HMDB51,UCF101; HMDB51,UCF101; HMDB51,2023,IEEE Transactions on Image Processing 2023,No,peer_reviewed,10.1109/TIP.2023.3269228,,https://ieeexplore.ieee.org/document/10109672,,,2026-08-11
Similarity Contrastive Estimation for Image and Video Soft Contrastive Self-Supervised Learning,"Julien Denize, Jaonary Rabarisoa, Astrid Orcesi, Romain H´erault",Similarity Contrastive Estimation (SCE),Contrastive,ImageNet-1K; ImageNet-100; Kinetics-200; Kinetics-400,CIFAR-10; CIFAR-100; STL-10; Tiny ImageNet; PASCAL VOC 2007; COCO; UCF101; HMDB51; Kinetics-400; AVA; Something-Something V2,ImageNet-1K; ImageNet-100; Kinetics-200; Kinetics-400; CIFAR-10; CIFAR-100; STL-10; Tiny ImageNet; PASCAL VOC 2007; COCO; UCF101; HMDB51; AVA; Something-Something V2,2023,Machine Vision and Applications 2023,No,peer_reviewed,10.1007/s00138-023-01444-9,2212.11187,https://link.springer.com/article/10.1007/s00138-023-01444-9,,,2026-08-11
SOR-TC: Self-attentive octave ResNet with temporal consistency for compressed video action recognition,"Junsan Zhang, Xiaomin Wang, Yao Wan, Leiquan Wang, Jian Wang, Philip S. Yu",SOR-TC,Pretext / Predictive,UCF101; HMDB51,UCF101; HMDB51,UCF101; HMDB51,2023,Neurocomputing 2023,No,peer_reviewed,10.1016/j.neucom.2023.02.045,,https://www.sciencedirect.com/science/article/pii/S0925231223001959,,,2026-08-11
Spatio-Temporal Crop Aggregation for Video Representation Learning,"Sepehr Sameni, Simon Jenni, Paolo Favaro",SCALE,Other / Hybrid,Kinetics-400; UCF101; HMDB51; Something-Something V2,Kinetics-400; UCF101; HMDB51; Something-Something V2; Long-form Video Understanding (LVU),Kinetics-400; UCF101; HMDB51; Something-Something V2; Long-form Video Understanding (LVU),2023,ICCV 2023,No,peer_reviewed,,2211.17042,https://openaccess.thecvf.com/content/ICCV2023/html/Sameni_Spatio-Temporal_Crop_Aggregation_for_Video_Representation_Learning_ICCV_2023_paper.html,,,2026-08-11
Spatiotemporal Augmentation on Selective Frequencies for Video Representation Learning,"Jinhyung Kim, Taeoh Kim, Minho Shim, Dongyoon Han, Dongyoon Wee, Junmo Kim",Frequency Selective Augmentation (FreqAug),Contrastive,Mini-Kinetics; Kinetics-400,Mini-Kinetics; Kinetics-400; Something-Something V2; UCF101; HMDB51; Diving48; Breakfast,Mini-Kinetics; Kinetics-400; Something-Something V2; UCF101; HMDB51; Diving48; Breakfast,2023,AAAI 2023,No,peer_reviewed,10.1609/aaai.v37i1.25194,2204.03865,https://ojs.aaai.org/index.php/AAAI/article/view/25194,,,2026-08-11
Spatiotemporal consistency enhancement self-supervised representation learning for action recognition,"Shuai Bi, Zhengping Hu, Mengyao Zhao, Shufang Li & Zhe Sun",Spatiotemporal Consistency Enhancement (STCE),Contrastive,UCF101; HMDB51,UCF101; HMDB51,UCF101; HMDB51,2023,"Signal, Image and Video Processing 2023",No,peer_reviewed,10.1007/s11760-022-02357-2,,https://link.springer.com/article/10.1007/s11760-022-02357-2,,,2026-08-11
Temporal Contrastive Learning with Curriculum,Shuvendu Roy and Ali Etemad,Contrastive Curriculum Learning (ConCur),Contrastive,Kinetics-400; Kinetics-200,UCF101; HMDB51,Kinetics-400; Kinetics-200; UCF101; HMDB51,2023,ICASSP 2023,No,peer_reviewed,,2209.00760,https://ieeexplore.ieee.org/document/10095948,,,2026-08-11
Temporal Transformer Networks with Self-Supervision for Action Recognition,"Yongkang Zhang, Jun Li, Guoming Wu, Han Zhang, Zhiping Shi, Member, IEEE, Zhaoxun Liu, Zizhang Wu",Temporal Transformer Self-Supervision Network (TTSN),Pretext / Predictive,ImageNet-1K; Kinetics-400,HMDB51; UCF101; Something-Something V1,ImageNet-1K; Kinetics-400; HMDB51; UCF101; Something-Something V1,2023,IEEE Internet of Things Journal 2023,No,peer_reviewed,10.1109/JIOT.2023.3257992,2112.07338,https://ieeexplore.ieee.org/document/10064011,,,2026-08-11
TimeBalance: Temporally-Invariant and Temporally-Distinctive Video Representations for Semi-Supervised Action Recognition,"Ishan Rajendrakumar Dave, Mamshad Nayeem Rizve, Chen Chen, Mubarak Shah",TimeBalance,Distillation / Teacher-Student,Kinetics-400; UCF101; HMDB51,Kinetics-400; UCF101; HMDB51,Kinetics-400; UCF101; HMDB51,2023,CVPR 2023,No,peer_reviewed,,2303.16268,https://openaccess.thecvf.com/content/CVPR2023/html/Dave_TimeBalance_Temporally-Invariant_and_Temporally-Distinctive_Video_Representations_for_Semi-Supervised_Action_Recognition_CVPR_2023_paper.html,https://github.com/DAVEISHAN/TimeBalance,,2026-08-11
Tubelet-Contrastive Self-Supervision for Video-Efficient Generalization,"Fida Mohammad Thoker, Hazel Doughty, and Cees Snoek",Tubelet-Contrastive,Contrastive,Kinetics-400; Mini-Kinetics,UCF101; HMDB51; Something-Something V2; FineGym Gym99; FineGym FX-S1; FineGym UB-S1; UCFRep; Charades; Diving48,Kinetics-400; Mini-Kinetics; UCF101; HMDB51; Something-Something V2; FineGym Gym99; FineGym FX-S1; FineGym UB-S1; UCFRep; Charades; Diving48,2023,ICCV 2023,No,peer_reviewed,,2303.11003,https://openaccess.thecvf.com/content/ICCV2023/html/Thoker_Tubelet-Contrastive_Self-Supervision_for_Video-Efficient_Generalization_ICCV_2023_paper.html,,,2026-08-11
Uncovering the Hidden Dynamics of Video Self-supervised Learning under Distribution Shifts,"Pritam Sarkar, Ahmad Beirami, Ali Etemad","Controlled comparison of v-SimCLR, v-MoCo, v-BYOL, v-SimSiam, v-DINO, and v-MAE",Other / Hybrid,Kinetics-400; Kinetics-700,UCF101; HMDB51; Mimetics10; Mimetics50; Charades-Ego; TinyVIRAT-v2; Sims4Action; ActorShift; RareAct; Moments in Time v2; ToyBox; COIL-100; STL-10,Kinetics-400; Kinetics-700; UCF101; HMDB51; Mimetics10; Mimetics50; Charades-Ego; TinyVIRAT-v2; Sims4Action; ActorShift; RareAct; Moments in Time v2; ToyBox; COIL-100; STL-10,2023,NeurIPS 2023,Yes,peer_reviewed,10.52202/075280-2340,,https://proceedings.neurips.cc/paper_files/paper/2023/hash/a86d17b6cd70366d56ab48d2a05a4df1-Abstract-Conference.html,,,2026-08-11
Unmasked Teacher: Towards Training-Efficient Video Foundation Models,"Kunchang Li, Yali Wang, Yizhuo Li, Yi Wang, Yinan He, Limin Wang, Yu Qiao",Unmasked Teacher (UMT),Distillation / Teacher-Student,Kinetics-710; Something-Something V2; Kinetics-400; WebVid-2M; WebVid-10M; Conceptual Captions 3M; Conceptual Captions 12M; COCO; Visual Genome; SBU Captions,Kinetics-400; Kinetics-600; Kinetics-700; Something-Something V2; Moments in Time V1; AVA v2.2; MSR-VTT; DiDeMo; ActivityNet Captions; LSMDC; MSVD; ActivityNet-QA; MSRVTT-QA; MSRVTT-MC; MSVD-QA,Kinetics-710; Something-Something V2; Kinetics-400; WebVid-2M; WebVid-10M; Conceptual Captions 3M; Conceptual Captions 12M; COCO; Visual Genome; SBU Captions; Kinetics-600; Kinetics-700; Moments in Time V1; AVA v2.2; MSR-VTT; DiDeMo; ActivityNet Captions; LSMDC; MSVD; ActivityNet-QA; MSRVTT-QA; MSRVTT-MC; MSVD-QA,2023,ICCV 2023,No,peer_reviewed,,2303.16058,https://openaccess.thecvf.com/content/ICCV2023/html/Li_Unmasked_Teacher_Towards_Training-Efficient_Video_Foundation_Models_ICCV_2023_paper.html,,"The multimodal variants use 5M, 17M, and 25M mixtures assembled from the listed image-text and video-text corpora.",2026-08-11
Unsupervised Video-Based Action Recognition With Imagining Motion and Perceiving Appearance,"Wei Lin , Xiaoyu Liu , Yihong Zhuang , Xinghao Ding , Xiaotong Tu , Yue Huang , Huanqiang Zeng",IMPA,Other / Hybrid,UCF101; Kinetics-400,UCF101; HMDB51,UCF101; Kinetics-400; HMDB51,2023,IEEE Transactions on Circuits and Systems for Video Technology 2023,No,peer_reviewed,10.1109/TCSVT.2022.3221280,,https://ieeexplore.ieee.org/document/9944692,,,2026-08-11
Video Test-Time Adaptation for Action Recognition,"Wei Lin, Muhammad Jehanzeb Mirza, Mateusz Kozinski, Horst Possegger, Hilde Kuehne, and Horst Bischof",ViTTA,Other / Hybrid,Kinetics-400; ImageNet-1K,UCF101; Something-Something V2; Kinetics-400; UCF101-C; Something-Something V2-C; Kinetics-400-C,Kinetics-400; ImageNet-1K; UCF101; Something-Something V2; UCF101-C; Something-Something V2-C; Kinetics-400-C,2023,CVPR 2023,No,peer_reviewed,10.1109/CVPR52729.2023.02198,2211.15393,https://openaccess.thecvf.com/content/CVPR2023/html/Lin_Video_Test-Time_Adaptation_for_Action_Recognition_CVPR_2023_paper.html,https://github.com/wlin-at/ViTTA,The corrupted benchmark variants cover 12 common video corruptions.,2026-08-11
Videomae v2: Scaling Video Masked Autoencoders with Dual Masking,"Limin Wang, Bingkun Huang, Zhiyu Zhao, Zhan Tong, Yinan He, Yi Wang, Yali Wang, and Yu Qiao",VideoMAE V2,Generative / Masked,UnlabeledHybrid; LabeledHybrid; Kinetics-400; Kinetics-600; Kinetics-700; Something-Something V2; AVA; WebVid-2M; Instagram videos,Kinetics-400; Kinetics-600; Something-Something V1; Something-Something V2; UCF101; HMDB51; AVA; AVA-Kinetics; THUMOS14; FineAction,UnlabeledHybrid; LabeledHybrid; Kinetics-400; Kinetics-600; Kinetics-700; Something-Something V2; AVA; WebVid-2M; Instagram videos; Something-Something V1; UCF101; HMDB51; AVA-Kinetics; THUMOS14; FineAction,2023,CVPR 2023,No,peer_reviewed,,,https://openaccess.thecvf.com/content/CVPR2023/html/Wang_VideoMAE_V2_Scaling_Video_Masked_Autoencoders_With_Dual_Masking_CVPR_2023_paper.html,,UnlabeledHybrid has about 1.35M clips from public datasets and web sources; LabeledHybrid aligns Kinetics-400/600/700 into 710 categories and about 0.66M clips.,2026-08-11
ViewCLR: Learning Self-supervised Video Representation for Unseen Viewpoints,Srijan Das and Michael S Ryoo,ViewCLR,Contrastive,NTU RGB+D 60; NTU RGB+D 120; Northwestern-UCLA,NTU RGB+D 60; NTU RGB+D 120; Northwestern-UCLA,NTU RGB+D 60; NTU RGB+D 120; Northwestern-UCLA,2023,WACV 2023,No,peer_reviewed,,,https://openaccess.thecvf.com/content/WACV2023/html/Das_ViewCLR_Learning_Self-Supervised_Video_Representation_for_Unseen_Viewpoints_WACV_2023_paper.html,,,2026-08-11
An improved inter-intra contrastive learning framework on self-supervised video representation,"Li Tao, Xueting Wang, Toshihiko Yamasaki",Improved Inter-Intra Contrastive Learning,Contrastive,UCF101; Kinetics-400,UCF101; HMDB51,UCF101; Kinetics-400; HMDB51,2022,IEEE Transactions on Circuits and Systems for Video Technology 2022,No,peer_reviewed,,,https://ieeexplore.ieee.org/document/9674754,,,2026-08-11
Auxiliary Learning for Self-Supervised Video Representation via Similarity-based Knowledge Distillation,"Amirhossein Dadashzadeh, Alan Whone, Majid Mirmehdi",AuxSKD,Distillation / Teacher-Student,Kinetics-100; Kinetics-400,UCF101; HMDB51,Kinetics-100; Kinetics-400; UCF101; HMDB51,2022,CVPR Workshops 2022,No,peer_reviewed,,,https://openaccess.thecvf.com/content/CVPR2022W/L3D-IVU/html/Dadashzadeh_Auxiliary_Learning_for_Self-Supervised_Video_Representation_via_Similarity-Based_Knowledge_Distillation_CVPRW_2022_paper.html,https://github.com/Plrbear/auxSKD,,2026-08-11
BEVT: BERT Pretraining of Video Transformers,"Rui Wang, Dongdong Chen, Zuxuan Wu, Yinpeng Chen, Xiyang Dai, Mengchen Liu, Yu-Gang Jiang, Luowei Zhou, Lu Yuan",BEVT,Generative / Masked,ImageNet-1K; Kinetics-400; Something-Something V2; HowTo100M,Kinetics-400; Something-Something V2; Diving48,ImageNet-1K; Kinetics-400; Something-Something V2; HowTo100M; Diving48,2022,CVPR 2022,No,peer_reviewed,,2112.01529,https://openaccess.thecvf.com/content/CVPR2022/html/Wang_BEVT_BERT_Pretraining_of_Video_Transformers_CVPR_2022_paper.html,,,2026-08-11
Contextualized spatio-temporal contrastive learning with self-supervision,"Liangzhe Yuan, Rui Qian, Yin Cui, Boqing Gong,Florian Schroff,Ming-Hsuan Yang, Hartwig Adam, Ting Liu",ConST-CL,Contrastive,Kinetics-400,Kinetics-400; UCF101; HMDB51; AVA,Kinetics-400; UCF101; HMDB51; AVA,2022,CVPR 2022,No,peer_reviewed,,,https://openaccess.thecvf.com/content/CVPR2022/html/Yuan_Contextualized_Spatio-Temporal_Contrastive_Learning_With_Self-Supervision_CVPR_2022_paper.html,https://github.com/tensorflow/models/tree/master/official/projects/const_cl,,2026-08-11
Contrastive predictive coding with transformer for video representation learning,"Yue Liu, Junqi Ma, Yufei Xie, Xuefeng Yang, Xingzhen Tao, Lin Peng, Wei Gao",CPCTR,Pretext / Predictive,UCF101,UCF101; HMDB51,UCF101; HMDB51,2022,Neurocomputing 2022,No,peer_reviewed,10.1016/j.neucom.2021.11.031,,https://www.sciencedirect.com/science/article/pii/S0925231221017082,https://github.com/yliu1229/CPCTR,,2026-08-11
Contrastive spatio-temporal pretext learning for self-supervised video representation,"Yujia Zhang, Lai-Man Po, Xuyuan Xu, Mengyang Liu, Yexin Wang, Weifeng Ou, Yuzhi Zhao, Wing-Yin Yu",CSTP,Other / Hybrid,UCF101; Kinetics-400,UCF101; HMDB51,UCF101; Kinetics-400; HMDB51,2022,AAAI 2022,No,peer_reviewed,10.1609/aaai.v36i3.20248,2112.08913,https://ojs.aaai.org/index.php/AAAI/article/view/20248,https://github.com/KT27-A/CSTP,,2026-08-11
Cross-Architecture Self-supervised Video Representation Learning,"Sheng Guo, Zihua Xiong, Yujie Zhong, Limin Wang, Xiaobo Guo, Bing Han, Weilin Huang",CACL,Contrastive,UCF101; Kinetics-400,UCF101; HMDB51,UCF101; Kinetics-400; HMDB51,2022,CVPR 2022,No,peer_reviewed,,,https://openaccess.thecvf.com/content/CVPR2022/html/Guo_Cross-Architecture_Self-Supervised_Video_Representation_Learning_CVPR_2022_paper.html,,,2026-08-11
Dual Contrastive Learning for Spatio-temporal Representation,"Shuangrui Ding,, Rui Qian, and Hongkai Xiongo",Dual Contrastive Learning (DCL),Contrastive,Kinetics-400,Kinetics-400; UCF101; HMDB51,Kinetics-400; UCF101; HMDB51,2022,ACM Multimedia 2022,No,peer_reviewed,10.1145/3503161.3547783,,https://dl.acm.org/doi/10.1145/3503161.3547783,,,2026-08-11
Exploring Relations in Untrimmed Videos for Self-Supervised Learning,"Dezhao Luo, Bo Fang, Yu Zhou, Yucan Zhou, Dayan Wu, Weiping Wang",ERUV,Pretext / Predictive,THUMOS14; UCF101,UCF101; HMDB51,THUMOS14; UCF101; HMDB51,2022,"ACM Transactions on Multimedia Computing, Communications, and Applications 2022",No,peer_reviewed,10.1145/3473342,2008.02711,https://dl.acm.org/doi/10.1145/3473342,,,2026-08-11
Federated Self-supervised Learning for Video Understanding,"Yasar Abbas Ur Rehman, Yan Gao, Jiajun Shen, Pedro Porto Buarque de Gusmão , Nicholas Lane",FedVSSL,Contrastive,Kinetics-400; UCF101; HMDB51,Kinetics-400; UCF101; HMDB51,Kinetics-400; UCF101; HMDB51,2022,ECCV 2022,No,peer_reviewed,10.1007/978-3-031-19821-2_29,,https://link.springer.com/chapter/10.1007/978-3-031-19821-2_29,https://github.com/yasar-rehman/FEDVSSL,,2026-08-11
Frame-wise Action Representations for Long Videos via Sequence Contrastive Learning,"Minghao Chen, Fangyun Wei, Chong Li, Deng Cai",CARL,Contrastive,Penn Action; FineGym; Pouring,Penn Action; FineGym; Pouring,Penn Action; FineGym; Pouring,2022,CVPR 2022,No,peer_reviewed,,,https://openaccess.thecvf.com/content/CVPR2022/html/Chen_Frame-Wise_Action_Representations_for_Long_Videos_via_Sequence_Contrastive_Learning_CVPR_2022_paper.html,https://github.com/minghchen/CARL_code,,2026-08-11
GOCA: guided online cluster assignment for self-supervised video representation Learning,"Huseyin Coskun, Alireza Zareian, Joshua L. Moore, Federico Tombari, Chen Wang",GOCA,Contrastive,UCF101; Kinetics-400,UCF101; HMDB51; Diving48,UCF101; Kinetics-400; HMDB51; Diving48,2022,ECCV 2022,No,peer_reviewed,,2207.10158,https://link.springer.com/chapter/10.1007/978-3-031-20050-2_15,https://github.com/Seleucia/goca,,2026-08-11
Hierarchically decoupled spatial-temporal contrast for self-supervised video representation learning,"Zehua Zhang, David Crandall",HDC,Contrastive,Kinetics-400,UCF101; HMDB51,Kinetics-400; UCF101; HMDB51,2022,WACV 2022,No,peer_reviewed,,,https://openaccess.thecvf.com/content/WACV2022/html/Zhang_Hierarchically_Decoupled_Spatial-Temporal_Contrast_for_Self-Supervised_Video_Representation_Learning_WACV_2022_paper.html,,,2026-08-11
Inter-Intra Cross-Modality Self-Supervised Video Representation Learning by Contrastive Clustering,"Jiutong Wei. Guan Luo, Bing Li, Weiming Hu",IICMVC,Contrastive,UCF101; Kinetics-400,UCF101; HMDB51,UCF101; Kinetics-400; HMDB51,2022,ICPR 2022,No,peer_reviewed,,,https://ieeexplore.ieee.org/document/9956697,,,2026-08-11
InternVideo: General Video Foundation Models via Generative and Discriminative Learning,"Yi Wang, Kunchang Li, Yizhuo Li, Yinan He, Bingkun Huang, Zhiyu Zhao, Hongjie Zhang,Jilan Xu, Yi Liu, Zun Wang, Sen Xing, Guo Chen, Junting Pan, Jiashuo Yu,Yali Wang, Limin Wang, Yu Qiao",InternVideo,Other / Hybrid,Kinetics-400; Something-Something V2; WebVid-2M; WebVid-10M; HowTo100M; LAION-400M,Kinetics-400; Kinetics-600; Something-Something V2; ActivityNet; AVA; THUMOS14; UCF101; HMDB51; MSR-VTT; MSVD; DiDeMo; LSMDC; ActivityNet Captions,Kinetics-400; Something-Something V2; WebVid-2M; WebVid-10M; HowTo100M; LAION-400M; Kinetics-600; ActivityNet; AVA; THUMOS14; UCF101; HMDB51; MSR-VTT; MSVD; DiDeMo; LSMDC; ActivityNet Captions,2022,arXiv / Preprint,No,preprint,,2212.03191,https://arxiv.org/abs/2212.03191,https://github.com/OpenGVLab/InternVideo,"The paper evaluates 39 datasets; the catalog lists the principal action, detection, and video-language benchmarks.",2026-08-11
It Takes Two: Masked Appearance-Motion Modeling for Self-supervised Video Transformer Pre-training,"Yuxin Song, Min Yang, Wenhao Wu, Dongliang He, Fu Li, Jingdong Wang",MAM2,Generative / Masked,Kinetics-400; Something-Something V2; UCF101; HMDB51,Kinetics-400; Something-Something V2; UCF101; HMDB51,Kinetics-400; Something-Something V2; UCF101; HMDB51,2022,arXiv / Preprint,No,preprint,,2210.05234,https://arxiv.org/abs/2210.05234,,,2026-08-11
LAVA: Language Audio Vision Alignment for Data-Efficient Video Pre-Training,"Sumanth Gurram , Andy Fang , David Chan , John Canny",LAVA,Multimodal / Audio-Visual,Kinetics-700,UCF101; HMDB51; ESC-50,Kinetics-700; UCF101; HMDB51; ESC-50,2022,ICML Pre-training Workshop 2022,No,peer_reviewed,,2207.08024,https://openreview.net/forum?id=uwcwviTrLY3,,"The study uses about 300,000 Kinetics-700 clips with usable audio from an initial 480,000-video collection.",2026-08-11
Learning Audio-Visual Speech Representation by Masked Multimodal Cluster Prediction,"Shi, B., Hsu, W. N., Lakhotia, K., & Mohamed, A.",AV-HuBERT,Multimodal / Audio-Visual,LRS3; VoxCeleb2,LRS3,LRS3; VoxCeleb2,2022,ICLR 2022,No,peer_reviewed,,2201.02184,https://openreview.net/forum?id=Z1Qlm11uOM,,,2026-08-11
Learning from untrimmed videos: Self-supervised video representation learning with hierarchical consistency,"Zhiwu Qing, Shiwei Zhang, Ziyuan Huang, Yi Xu, Xiang Wang, Mingqian Tang, Changxin Gao, Rong Jin,Nong Sang",HiCo,Contrastive,Kinetics-400,Kinetics-400; UCF101; HMDB51; ActivityNet,Kinetics-400; UCF101; HMDB51; ActivityNet,2022,CVPR 2022,No,peer_reviewed,,,https://openaccess.thecvf.com/content/CVPR2022/html/Qing_Learning_From_Untrimmed_Videos_Self-Supervised_Video_Representation_Learning_With_Hierarchical_CVPR_2022_paper.html,https://hico-cvpr2022.github.io/,,2026-08-11
MAC: Mask-Augmentation for Motion-Aware Video Representation Learning,"Arif Akar, Ufuk Umut Senturk, and Nazli Ikizler-Cinbis.",MAC,Contrastive,Kinetics-400; UCF101,UCF101; HMDB51,Kinetics-400; UCF101; HMDB51,2022,BMVC 2022,No,peer_reviewed,,,https://bmvc2022.mpi-inf.mpg.de/5/,https://github.com/ufukpage/MAC_SSL,,2026-08-11
MaMiCo: Macro-to-Micro Semantic Correspondence for Self-supervised Video Representation Learning,"Bo Fang, Wenhao Wu, Chang Liu, Yu Zhou, Dongliang He, Weiping Wang",MaMiCo,Contrastive,AVA; AVA-Kinetics; JHMDB-21; UCF101-24,AVA; AVA-Kinetics; JHMDB-21; UCF101-24,AVA; AVA-Kinetics; JHMDB-21; UCF101-24,2022,ACM Multimedia 2022,No,peer_reviewed,10.1145/3503161.3547888,,https://dl.acm.org/doi/10.1145/3503161.3547888,,The paper reports action-detection protocols; the listed corpora are used across representation learning and downstream evaluation.,2026-08-11
Masked Autoencoders As Spatiotemporal Learners,"Christoph Feichtenhofer, Haoqi Fan, Yanghao Li, Kaiming He",MAE-ST,Generative / Masked,ImageNet-1K; Kinetics-400; Kinetics-600; Kinetics-700; Instagram videos,Kinetics-400; AVA v2.2; Something-Something V2,ImageNet-1K; Kinetics-400; Kinetics-600; Kinetics-700; Instagram videos; AVA v2.2; Something-Something V2,2022,NeurIPS 2022,Yes,peer_reviewed,,2205.09113,https://proceedings.neurips.cc/paper_files/paper/2022/hash/e97d1081481a4017df96b51be31001d3-Abstract-Conference.html,,,2026-08-11
Masked Feature Prediction for Self-Supervised Visual Pre-Training,"Wei, C., Fan, H., Xie, S., Wu, C. Y., Yuille, A., & Feichtenhofer, C.",MaskFeat,Generative / Masked,Kinetics-400,Kinetics-400; Kinetics-600; Kinetics-700; Something-Something V2; AVA,Kinetics-400; Kinetics-600; Kinetics-700; Something-Something V2; AVA,2022,CVPR 2022,No,peer_reviewed,,2112.09133,https://openaccess.thecvf.com/content/CVPR2022/html/Wei_Masked_Feature_Prediction_for_Self-Supervised_Visual_Pre-Training_CVPR_2022_paper.html,,,2026-08-11
MoQuad: Motion-focused Quadruple Construction for Video Contrastive Learning,"Yuan Liu, Jiacheng Chen, Hao Wu",MoQuad,Contrastive,Kinetics-400,UCF101; HMDB51; Diving48,Kinetics-400; UCF101; HMDB51; Diving48,2022,ECCV Workshops 2022,No,peer_reviewed,10.1007/978-3-031-25069-9_2,2212.10870,https://link.springer.com/chapter/10.1007/978-3-031-25069-9_2,,,2026-08-11
Motion Sensitive Contrastive Learning for Self-supervised Video Representation,"Jingcheng Ni, Nan Zhou, Jie Qin, Qian Wu, Junqi Liu, Boxun Li, Di Huang",MoSI,Contrastive,Kinetics-400,Kinetics-400; UCF101; HMDB51; Something-Something V2,Kinetics-400; UCF101; HMDB51; Something-Something V2,2022,ECCV 2022,No,peer_reviewed,10.1007/978-3-031-19833-5_27,,https://link.springer.com/chapter/10.1007/978-3-031-19833-5_27,,,2026-08-11
Motion-aware contrastive video representation learning via foreground-background merging,"Shuangrui Ding, Maomao Li, Tianyu Yang, Rui Qian, Haohang Xu, Qingyi Chen, Jue Wang, Hongkai Xiong",FAME,Contrastive,Kinetics-400,Kinetics-400; UCF101; HMDB51; Diving48,Kinetics-400; UCF101; HMDB51; Diving48,2022,CVPR 2022,No,peer_reviewed,,,https://openaccess.thecvf.com/content/CVPR2022/html/Ding_Motion-Aware_Contrastive_Video_Representation_Learning_via_Foreground-Background_Merging_CVPR_2022_paper.html,https://github.com/Mark12Ding/FAME,,2026-08-11
On Negative Sampling for Audio-Visual Contrastive Learning from Movies,"Mahdi M. Kalayeh, Shervin Ardeshir, Lingyi Liu, Nagendra Kamath, Ashok Chandrashekar",Within-Movie Audio-Visual Negative Sampling,Multimodal / Audio-Visual,Long-form movies,UCF101; HMDB51; ESC-50,Long-form movies; UCF101; HMDB51; ESC-50,2022,arXiv / Preprint,No,preprint,,2205.00073,https://arxiv.org/abs/2205.00073,,The pretraining collection is described as uncurated long-form movies rather than released as a named benchmark.,2026-08-11
On temporal granularity in self-supervised video representation learning,"Rui Qian, Yeqing Li, Liangzhe Yuan, Boqing Gong, Ting Liu, Matthew Brown, Serge Belongie, Ming-Hsuan Yang, Hartwig Adam, and Yin Cui",Temporal Granularity Study,Other / Hybrid,Kinetics-400,Kinetics-400; UCF101; HMDB51,Kinetics-400; UCF101; HMDB51,2022,BMVC 2022,No,peer_reviewed,,,https://bmvc2022.mpi-inf.mpg.de/541/,https://github.com/tensorflow/models/tree/master/official/,,2026-08-11
Pixel-level Correspondence for Self-Supervised Learning from Video,"Yash Sharma, Yanchao Zhu, Chris Russell, Thomas Brox",PiCo,Contrastive,YouTube-8M Segments; Kinetics-400,COCO; PASCAL VOC 2012; Cityscapes; DAVIS 2017; JHMDB,YouTube-8M Segments; Kinetics-400; COCO; PASCAL VOC 2012; Cityscapes; DAVIS 2017; JHMDB,2022,arXiv / Preprint,No,preprint,,2207.03866,https://arxiv.org/abs/2207.03866,,,2026-08-11
Probabilistic representations for video contrastive learning,"Jungin Park, Jiyoung Lee, Ig-Jae Kim, Kwanghoon Sohn",Probabilistic Video Contrastive Learning,Contrastive,Kinetics-400,UCF101; HMDB51; ActivityNet,Kinetics-400; UCF101; HMDB51; ActivityNet,2022,CVPR 2022,No,peer_reviewed,,2204.03946,https://openaccess.thecvf.com/content/CVPR2022/html/Park_Probabilistic_Representations_for_Video_Contrastive_Learning_CVPR_2022_paper.html,,,2026-08-11
SCVRL: Shuffled Contrastive Video Representation Learning,"Michael Dorkenwald, Fanyi Xiao, Biagio Brattoli, Joseph Tighe, Davide Modolo",SCVRL,Contrastive,Kinetics-400,Kinetics-400; Something-Something V2; Diving48; UCF101,Kinetics-400; Something-Something V2; Diving48; UCF101,2022,CVPR Workshops 2022,No,peer_reviewed,,,https://openaccess.thecvf.com/content/CVPR2022W/L3D-IVU/html/Dorkenwald_SCVRL_Shuffled_Contrastive_Video_Representation_Learning_CVPRW_2022_paper.html,,,2026-08-11
Self-Supervised Learning of Audio Representations From Audio-Visual Data Using Spatial Alignment,"Shanshan Wang, Archontis Politis, Annamaria Mesaros",Audio-Visual Spatial Alignment (AVSA),Multimodal / Audio-Visual,YouTube-360,UCF101; HMDB51; EigenScape; TAU Audio-Visual Urban Scenes 2021,YouTube-360; UCF101; HMDB51; EigenScape; TAU Audio-Visual Urban Scenes 2021,2022,IEEE Journal of Selected Topics in Signal Processing 2022,No,peer_reviewed,,2206.00970,https://ieeexplore.ieee.org/document/9790080,,,2026-08-11
Self-supervised spatiotemporal representation learning by exploiting video continuity,"Hanwen Liang, Niamul Quader, Zhixiang Chi, Lizhe Chen, Peng Dai, Juwei Lu, Yang Wang",CPNet,Pretext / Predictive,Kinetics-400,UCF101; HMDB51; Diving48; ActivityNet,Kinetics-400; UCF101; HMDB51; Diving48; ActivityNet,2022,AAAI 2022,No,peer_reviewed,10.1609/aaai.v36i2.20047,2112.05883,https://ojs.aaai.org/index.php/AAAI/article/view/20047,,,2026-08-11
Self-supervised video representation learning by uncovering spatio-temporal statistics,"Jiangliu Wang, Jianbo Jiao, Linchao Bao, Shengfeng He, Wei Liu, Yun-hui Liu",Spatiotemporal Statistics Prediction,Pretext / Predictive,UCF101; Kinetics-400,UCF101; HMDB51; YUP++; ASLAN,UCF101; Kinetics-400; HMDB51; YUP++; ASLAN,2022,IEEE Transactions on Pattern Analysis and Machine Intelligence 2022,No,peer_reviewed,10.1109/TPAMI.2021.3054224,2008.13426,https://ieeexplore.ieee.org/document/9352025,https://github.com/laura-wang/video_repres_sts,,2026-08-11
Self-supervised video representation learning using improved instance-wise contrastive learning and deep clustering,"Yisheng Zhu, Hui Shuai, Guangcan Liu, Senior Member, Qingshan Liu",Improved instance contrast plus deep clustering,Contrastive,UCF101; Kinetics-400,UCF101; HMDB51,UCF101; Kinetics-400; HMDB51,2022,IEEE Transactions on Circuits and Systems for Video Technology 2022,No,peer_reviewed,,,https://ieeexplore.ieee.org/document/9761901,,,2026-08-11
Self-Supervised Video Representation Learning with Cascade Positive Retrieval,"Cheng-En Wu, Farley Lai, Yu Hen Hu, Asim Kadav",Cascade Positive Retrieval (CPR),Contrastive,UCF101,UCF101; HMDB51,UCF101; HMDB51,2022,CVPR Workshops 2022,No,peer_reviewed,,,https://openaccess.thecvf.com/content/CVPR2022W/L3D-IVU/html/Wu_Self-Supervised_Video_Representation_Learning_With_Cascade_Positive_Retrieval_CVPRW_2022_paper.html,https://github.com/necla-ml/CPR,,2026-08-11
Self-supervised video representation learning with cross-stream prototypical contrasting,"Martine Toering, Ioannis Gatopoulos, Maarten Stol, Vincent Tao Hu",ViCC,Contrastive,UCF101,UCF101; HMDB51,UCF101; HMDB51,2022,WACV 2022,No,peer_reviewed,,2106.10137,https://openaccess.thecvf.com/content/WACV2022/html/Toering_Self-Supervised_Video_Representation_Learning_With_Cross-Stream_Prototypical_Contrasting_WACV_2022_paper.html,https://github.com/martinetoering/ViCC,,2026-08-11
Self-Supervised Video Representation Learning with Motion-Contrastive Perception,"Jinyu Liu, Ying Cheng, Yuejie Zhang, Rui-Wei Zhao, Rui Feng",MCP,Contrastive,Kinetics-100; Kinetics-400,Kinetics-100; Kinetics-400; UCF101; HMDB51,Kinetics-100; Kinetics-400; UCF101; HMDB51,2022,ICME 2022,No,peer_reviewed,10.1109/ICME52920.2022.9859802,2204.04607,https://ieeexplore.ieee.org/document/9859802/,,,2026-08-11
Self-supervised Video Transformer,"Kanchana Ranasinghe, Muzammal Naseer, Salman Khan, Fahad Shahbaz Khan, Michael S. Ryoo",SVT,Distillation / Teacher-Student,Kinetics-400,Kinetics-400; UCF101; HMDB51; Something-Something V2,Kinetics-400; UCF101; HMDB51; Something-Something V2,2022,CVPR 2022,No,peer_reviewed,,,https://openaccess.thecvf.com/content/CVPR2022/html/Ranasinghe_Self-Supervised_Video_Transformer_CVPR_2022_paper.html,https://git.io/J1juJ,,2026-08-11
SimVTP: Simple Video Text Pre-Training with Masked Autoencoders,"Ma, Y., Yang, T., Shan, Y., & Li, X.",SimVTP,Multimodal / Audio-Visual,WebVid-2M,MSR-VTT; MSVD; DiDeMo; LSMDC; ActivityNet Captions; MSRVTT-QA,WebVid-2M; MSR-VTT; MSVD; DiDeMo; LSMDC; ActivityNet Captions; MSRVTT-QA,2022,arXiv / Preprint,No,preprint,,2212.03490,https://arxiv.org/abs/2212.03490,,,2026-08-11
SLIC: Self-supervised learning with iterative clustering for human action videos,"Salar Hosseini Khorasgani, Yuxuan Chen, Florian Shkurti",SLIC,Contrastive,UCF101; Kinetics-400,UCF101; HMDB51,UCF101; Kinetics-400; HMDB51,2022,CVPR 2022,No,peer_reviewed,,2206.12534,https://openaccess.thecvf.com/content/CVPR2022/html/Khorasgani_SLIC_Self-Supervised_Learning_With_Iterative_Clustering_for_Human_Action_Videos_CVPR_2022_paper.html,,,2026-08-11
SOS! Self-supervised Learning over Sets of Handled Objects in Egocentric Action Recognition,"Victor Escorcia, Ricardo Guerrero, Xiatian Zhu, Brais Martinez",SOS,Other / Hybrid,EPIC-KITCHENS-100,EPIC-KITCHENS-100,EPIC-KITCHENS-100,2022,ECCV 2022,No,peer_reviewed,10.1007/978-3-031-19778-9_35,2204.04796,https://link.springer.com/chapter/10.1007/978-3-031-19778-9_35,,,2026-08-11
SPAct: Self-supervised Privacy Preservation for Action Recognition,"Ishan Rajendrakumar Dave, Chen Chen, Mubarak Shah",SPAct,Other / Hybrid,UCF101; HMDB51; PA-HMDB; VISPR; P-HVU,UCF101; HMDB51; PA-HMDB; VISPR; P-HVU,UCF101; HMDB51; PA-HMDB; VISPR; P-HVU,2022,CVPR 2022,No,peer_reviewed,,2203.15205,https://openaccess.thecvf.com/content/CVPR2022/html/Dave_SPAct_Self-Supervised_Privacy_Preservation_for_Action_Recognition_CVPR_2022_paper.html,https://github.com/DAVEISHAN/SPAct,,2026-08-11
Spatio-temporal self-supervision enhanced transformer networks for action recognition,"Yongkang Zhang, Han Zhang, Guoming Wu, Jun Li",STTNet,Pretext / Predictive,Kinetics-400,Kinetics-400; Something-Something V2; UCF101; HMDB51,Kinetics-400; Something-Something V2; UCF101; HMDB51,2022,ICME 2022,No,peer_reviewed,,,https://ieeexplore.ieee.org/document/9859741,,,2026-08-11
Static and Dynamic Concepts for Self-supervised Video Representation Learning,"Rui Qian, Shuangrui Ding, Xian Liu, Dahua Lin",Static-Dynamic Concept Learning,Contrastive,Kinetics-400,UCF101; HMDB51; Diving48; Kinetics-400,Kinetics-400; UCF101; HMDB51; Diving48,2022,ECCV 2022,No,peer_reviewed,10.1007/978-3-031-19809-0_9,2207.12795,https://link.springer.com/chapter/10.1007/978-3-031-19809-0_9,,,2026-08-11
Suppressing Static Visual Cues via Normalizing Flows for Self-Supervised Video Representation Learning,"Manlin Zhang, Jinpeng Wang, Andy J. Ma",Static-cue suppression with normalizing flows,Contrastive,Kinetics-400; UCF101; HMDB51,Kinetics-400; UCF101; HMDB51,Kinetics-400; UCF101; HMDB51,2022,AAAI 2022,No,peer_reviewed,,2112.03803,https://ojs.aaai.org/index.php/AAAI/article/view/20254,https://github.com/mettyz/SSVC,,2026-08-11
TCGL: Temporal Contrastive Graph for Self-Supervised Video Representation Learning,"Yang Liu , Keze Wang , Lingbo Liu , Haoyuan Lan, and Liang Lin",TCGL,Contrastive,UCF101; Kinetics-400,UCF101; HMDB51; Something-Something V2,UCF101; Kinetics-400; HMDB51; Something-Something V2,2022,IEEE Transactions on Image Processing 2022,No,peer_reviewed,10.1109/TIP.2022.3152521,,https://ieeexplore.ieee.org/document/9713748,https://github.com/YangLiu9208/TCGL,,2026-08-11
TCLR: Temporal contrastive learning for video representation,"Ishan Dave, Rohit Gupta, Mamshad Nayeem Rizve, Mubarak Shah",TCLR,Contrastive,UCF101; Kinetics-400,UCF101; HMDB51; Diving48; Kinetics-400,UCF101; Kinetics-400; HMDB51; Diving48,2022,Computer Vision and Image Understanding 2022,No,peer_reviewed,10.1016/j.cviu.2022.103406,2101.07974,https://doi.org/10.1016/j.cviu.2022.103406,https://github.com/DAVEISHAN/TCLR,,2026-08-11
TCVM: Temporal Contrasting Video Montage Framework for Self-supervised Video Representation Learning,"Fengrui Tian, Jiawei Fan, Xie Yu, Shaoyi Du, Meina Song, Yu Zhao",TCVM,Contrastive,Kinetics-400,Something-Something V2; UCF101; HMDB51,Kinetics-400; Something-Something V2; UCF101; HMDB51,2022,ACCV 2022,No,peer_reviewed,,,https://openaccess.thecvf.com/content/ACCV2022/html/Tian_TCVM_Temporal_Contrasting_Video_Montage_Framework_for_Self-supervised_Video_Representation_ACCV_2022_paper.html,,,2026-08-11
Temporal Alignment Networks for Long-Term Video,"Han, T., Xie, W., & Zisserman, A.",Temporal Alignment Networks (TAN),Contrastive,HowTo100M (HTM-370K),HTM-Align; Breakfast; YouCook2,HowTo100M (HTM-370K); HTM-Align; Breakfast; YouCook2,2022,CVPR 2022,No,peer_reviewed,,2204.02968,https://openaccess.thecvf.com/content/CVPR2022/html/Han_Temporal_Alignment_Networks_for_Long-Term_Video_CVPR_2022_paper.html,,,2026-08-11
Temporal-Invariant Video Representation Learning with Dynamic Temporal Resolutions.,"Seong-Yun Jeong, Ho-Joong Kim, Myeong-Seok Oh, Gun-Hee Lee, Seong-Whan Lee",Temporal-Invariant Dynamic-Resolution Learning,Contrastive,Kinetics-400,Kinetics-400; UCF101; HMDB51,Kinetics-400; UCF101; HMDB51,2022,AVSS 2022,No,peer_reviewed,,,https://ieeexplore.ieee.org/document/9959310,,,2026-08-11
Transrank: Self-supervised video representation learning via ranking-based transformation recognition,"Haodong Duan, Nanxuan Zhao, Kai Chen, Dahua Lin",TransRank,Pretext / Predictive,Mini-Kinetics-200; Something-Something V1,Mini-Kinetics-200; Something-Something V1; UCF101; HMDB51,Mini-Kinetics-200; Something-Something V1; UCF101; HMDB51,2022,CVPR 2022,No,peer_reviewed,,,https://openaccess.thecvf.com/content/CVPR2022/html/Duan_TransRank_Self-Supervised_Video_Representation_Learning_via_Ranking-Based_Transformation_Recognition_CVPR_2022_paper.html,https://github.com/kennymckormick/TransRank,,2026-08-11
Unsupervised Learning of Spatio-Temporal Representation with Multi-Task Learning for Video Retrieval,Vidit Kumar,Spatiotemporal Multi-Task Learning,Pretext / Predictive,UCF101; HMDB51,UCF101; HMDB51,UCF101; HMDB51,2022,National Conference on Communications 2022,No,peer_reviewed,,,https://ieeexplore.ieee.org/document/9806811,,,2026-08-11
Video Motion Perception for Self-supervised Representation Learning,"Wei Li, Dezhao Luo, Bo Fang, Xiaoni Li, Yu Zhou,  Weiping Wang",Video Motion Perception (VMP),Pretext / Predictive,UCF101; Kinetics-400,UCF101; HMDB51,UCF101; Kinetics-400; HMDB51,2022,ICANN 2022,No,peer_reviewed,10.1007/978-3-031-15937-4_43,,https://link.springer.com/chapter/10.1007/978-3-031-15937-4_43,,,2026-08-11
Video representation learning by identifying spatio-temporal transformation,"Sheng Geng, Shimin Zhao , Hu Liu",Spatiotemporal Transformation Identification,Pretext / Predictive,UCF101,UCF101; HMDB51,UCF101; HMDB51,2022,Applied Intelligence 2022,No,peer_reviewed,10.1007/s10489-021-02790-9,,https://link.springer.com/article/10.1007/s10489-021-02790-9,,,2026-08-11
VideoMAE: Masked Autoencoders Are Data-Efficient Learners for Self-Supervised Video Pre-Training,"Zhan Tong, Yibing Song, Jue Wang, Limin Wang",VideoMAE,Generative / Masked,Kinetics-400; Something-Something V2; UCF101; HMDB51,Kinetics-400; Something-Something V2; UCF101; HMDB51,Kinetics-400; Something-Something V2; UCF101; HMDB51,2022,NeurIPS 2022,Yes,peer_reviewed,,2203.12602,https://proceedings.neurips.cc/paper_files/paper/2022/hash/416f9cb3276121c42eebb86352a4354a-Abstract-Conference.html,https://github.com/MCG-NJU/VideoMAE,,2026-08-11
A large-scale study on unsupervised spatiotemporal representation learning,"Christoph Feichtenhofer, Haoqi Fan, Bo Xiong, Ross Girshick, Kaiming He",Space-Time Contrastive Study,Contrastive,Kinetics-400; Kinetics-600; Kinetics-700; Instagram-65M,Kinetics-400; Kinetics-600; Kinetics-700; UCF101; HMDB51; AVA,Kinetics-400; Kinetics-600; Kinetics-700; Instagram-65M; UCF101; HMDB51; AVA,2021,CVPR 2021,No,peer_reviewed,10.1109/CVPR46437.2021.00331,2104.14558,https://openaccess.thecvf.com/content/CVPR2021/html/Feichtenhofer_A_Large-Scale_Study_on_Unsupervised_Spatiotemporal_Representation_Learning_CVPR_2021_paper.html,https://github.com/facebookresearch/SlowFast,,2026-08-11
Active Contrastive Learning of Audio-Visual Video Representations,"Ma, S., Zeng, Z., McDuff, D., & Song, Y.",Cross-Modal Active Contrastive Coding (CM-ACC),Multimodal / Audio-Visual,Kinetics-Sounds; Kinetics-700; AudioSet; UCF101,UCF101; HMDB51; ESC-50,Kinetics-Sounds; Kinetics-700; AudioSet; UCF101; HMDB51; ESC-50,2021,ICLR 2021,No,peer_reviewed,,2009.09805,https://openreview.net/forum?id=OMizHuea_HB,,UCF101 is used in the paper's small-scale active-selection analysis in addition to the large pretraining collections.,2026-08-11
ASCNet: Self-supervised video representation learning with appearance-speed consistency,"Deng Huang, Wenhao Wu, Weiwen Hu, Xu Liu, Dongliang He, Zhihua Wu, Xiangmiao Wu, Mingkui Tan, Errui Ding",ASCNet,Contrastive,UCF101; Kinetics-400,UCF101; HMDB51,UCF101; Kinetics-400; HMDB51,2021,ICCV 2021,No,peer_reviewed,,2106.02342,https://openaccess.thecvf.com/content/ICCV2021/html/Huang_ASCNet_Self-Supervised_Video_Representation_Learning_With_Appearance-Speed_Consistency_ICCV_2021_paper.html,,,2026-08-11
Audio-visual instance discrimination with cross-modal agreement,"Pedro Morgado, Nuno Vasconcelos, Ishan Misra",AVID-CMA,Multimodal / Audio-Visual,Kinetics-400; AudioSet,UCF101; HMDB51; ESC-50; DCASE,Kinetics-400; AudioSet; UCF101; HMDB51; ESC-50; DCASE,2021,CVPR 2021,No,peer_reviewed,,2004.12943,https://openaccess.thecvf.com/content/CVPR2021/html/Morgado_Audio-Visual_Instance_Discrimination_With_Cross-Modal_Agreement_CVPR_2021_paper.html,https://github.com/facebookresearch/AVID-CMA,,2026-08-11
Back to the Future: Cycle Encoding Prediction for Self-supervised Video Representation Learning,"Xinyu Yang, Majid Mirmehdi,Tilo Burghardt",Cycle Encoding Prediction (CEP),Pretext / Predictive,UCF101,UCF101; HMDB51,UCF101; HMDB51,2021,BMVC 2021,No,peer_reviewed,,2010.07217,https://www.bmva-archive.org.uk/bmvc/2021/assets/papers/0399.pdf,https://github.com/youshyee/CEP,,2026-08-11
Broaden your views for self-supervised video learning,"Adria Recasens, Pauline Luc, Jean-Baptiste Alayrac, Luyu Wang, Ross Hemsley, Florian Strub, Corentin Tallec, Mateusz Malinowski, Viorica Patraucean, Florent Altche, Michal Valko, Jean-Bastien Grill, Aaron van den Oord, Andrew Zisserman",BraVe,Distillation / Teacher-Student,Kinetics-400,Kinetics-400; UCF101; HMDB51,Kinetics-400; UCF101; HMDB51,2021,ICCV 2021,No,peer_reviewed,10.1109/ICCV48922.2021.00129,2103.16559,https://openaccess.thecvf.com/content/ICCV2021/html/Recasens_Broaden_Your_Views_for_Self-Supervised_Video_Learning_ICCV_2021_paper.html,http://github.com/deepmind/brave,,2026-08-11
CoCon: Cooperative-Contrastive Learning,"Nishant Rai, Ehsan Adeli ,Kuan-Hui Lee, Adrien Gaidon, Juan Carlos Niebles",CoCon,Contrastive,Kinetics-400,Kinetics-400; UCF101; HMDB51,Kinetics-400; UCF101; HMDB51,2021,CVPR 2021,No,peer_reviewed,,2104.14764,https://openaccess.thecvf.com/content/CVPR2021/html/Rai_CoCon_Cooperative-Contrastive_Learning_CVPR_2021_paper.html,http://github.com/nishantrai18/CoCon,,2026-08-11
Composable augmentation encoding for video representation learning,"Sun, C., Nagrani, A., Tian, Y., & Schmid, C.",Composable Augmentation Encoding (CATE),Contrastive,Kinetics-400,Kinetics-400; UCF101; HMDB51; Something-Something V2; Diving48,Kinetics-400; UCF101; HMDB51; Something-Something V2; Diving48,2021,ICCV 2021,No,peer_reviewed,10.1109/ICCV48922.2021.00871,2104.00616,https://openaccess.thecvf.com/content/ICCV2021/html/Sun_Composable_Augmentation_Encoding_for_Video_Representation_Learning_ICCV_2021_paper.html,,,2026-08-11
Contrast and order representations for video self-supervised learning,"Kai Hu, Jie Shao, Yuan Liu, Bhiksha Raj, Marios Savvides, Zhiqiang Shen",Contrast and Order Representation (CORP),Other / Hybrid,UCF101; Kinetics-400,UCF101; HMDB51,UCF101; Kinetics-400; HMDB51,2021,ICCV 2021,No,peer_reviewed,10.1109/ICCV48922.2021.00784,,https://openaccess.thecvf.com/content/ICCV2021/html/Hu_Contrast_and_Order_Representations_for_Video_Self-Supervised_Learning_ICCV_2021_paper.html,,,2026-08-11
CrossCLR: Cross-Modal Contrastive Learning for Multi-Modal Video Representations,"Zolfaghari, M., Zhu, Y., Gehler, P., & Brox, T.",CrossCLR,Multimodal / Audio-Visual,YouCook2; LSMDC,YouCook2; LSMDC; MSR-VTT,YouCook2; LSMDC; MSR-VTT,2021,ICCV 2021,No,peer_reviewed,,2109.14910,https://openaccess.thecvf.com/content/ICCV2021/html/Zolfaghari_CrossCLR_Cross-Modal_Contrastive_Learning_for_Multi-Modal_Video_Representations_ICCV_2021_paper.html,,,2026-08-11
Enhancing self-supervised video representation learning via multi-level feature optimization,"Rui Qian, Yuxi Li, Huabin Liu, John See, Shuangrui Ding, Xian Liu, Dian Li, Weiyao Lin",Multi-Level Feature Optimization (MFO),Contrastive,Kinetics-400,Kinetics-400; UCF101; HMDB51; Diving48,Kinetics-400; UCF101; HMDB51; Diving48,2021,ICCV 2021,No,peer_reviewed,,2108.02183,https://openaccess.thecvf.com/content/ICCV2021/html/Qian_Enhancing_Self-Supervised_Video_Representation_Learning_via_Multi-Level_Feature_Optimization_ICCV_2021_paper.html,https://github.com/shvdiwnkozbw/Video-Representation-via-Multi-level-Optimization,,2026-08-11
Enhancing unsupervised video representation learning by decoupling the scene and the motion,"Jinpeng Wang, Yuting Gao, Ke Li, Jianguo Hu, Xinyang Jiang, Xiaowei Guo, Rongrong Ji, Xing Sun",Decoupling Scene and Motion (DSM),Contrastive,Kinetics-400; UCF101,UCF101; HMDB51,Kinetics-400; UCF101; HMDB51,2021,AAAI 2021,No,peer_reviewed,,2009.05757,https://ojs.aaai.org/index.php/AAAI/article/view/17215,https://github.com/FingerRec/DSM-decoupling-scene-motion,,2026-08-11
Inter-intra Variant Dual Representations for Self-supervised Video Recognition,"Lin Zhang, Qi She, Zhengyang Shen, Changhu Wang",Inter-Intra Variant Dual Representations (IVDR),Contrastive,Kinetics-400; UCF101,Kinetics-400; UCF101; HMDB51,Kinetics-400; UCF101; HMDB51,2021,BMVC 2021,No,peer_reviewed,10.5244/C.35.131,2107.01194,https://doi.org/10.5244/C.35.131,,,2026-08-11
Learning temporal dynamics from cycles in narrated video,"Epstein, D., Wu, J., Schmid, C., & Sun, C.",Multimodal Temporal Cycle Consistency (MMCC),Multimodal / Audio-Visual,HowTo100M,CrossTask; COIN; EPIC-KITCHENS-100,HowTo100M; CrossTask; COIN; EPIC-KITCHENS-100,2021,ICCV 2021,No,peer_reviewed,,2101.02337,https://openaccess.thecvf.com/content/ICCV2021/html/Epstein_Learning_Temporal_Dynamics_From_Cycles_in_Narrated_Video_ICCV_2021_paper.html,,,2026-08-11
Long short view feature decomposition via contrastive video representation learning,"Nadine Behrmann, Mohsen Fayyaz, Juergen Gall, Mehdi Noroozi",Long-Short View Feature Decomposition (LSFD),Contrastive,Kinetics-400,UCF101; HMDB51; Breakfast; 50Salads,Kinetics-400; UCF101; HMDB51; Breakfast; 50Salads,2021,ICCV 2021,No,peer_reviewed,,2109.11593,https://openaccess.thecvf.com/content/ICCV2021/html/Behrmann_Long_Short_View_Feature_Decomposition_via_Contrastive_Video_Representation_Learning_ICCV_2021_paper.html,,,2026-08-11
MoDist: Motion Distillation for Self-Supervised Video Representation Learning,"Fanyi Xiao, Joseph Tighe, Davide Modolo",MoDist,Distillation / Teacher-Student,Kinetics-400,UCF101; HMDB51,Kinetics-400; UCF101; HMDB51,2021,arXiv / Preprint,No,preprint,,2106.09703,https://arxiv.org/abs/2106.09703,,,2026-08-11
Motion-augmented self-training for video recognition at smaller scale,"Kirill Gavrilyuk, Mihir Jain, Ilia Karmanov, Cees G. M. Snoek",MotionFit,Distillation / Teacher-Student,Kinetics-400; UCF101; HMDB51,UCF101; HMDB51,Kinetics-400; UCF101; HMDB51,2021,ICCV 2021,No,peer_reviewed,,2105.01646,https://openaccess.thecvf.com/content/ICCV2021/html/Gavrilyuk_Motion-Augmented_Self-Training_for_Video_Recognition_at_Smaller_Scale_ICCV_2021_paper.html,,Kinetics-400 supplies unlabeled self-training video; the small target datasets train the motion teacher and evaluate transfer.,2026-08-11
Motion-focused contrastive learning of video representations,"Rui Li, Yiheng Zhang, Zhaofan Qiu, Ting Yao, Dong Liu, and Tao Mei",Motion-Focused Contrastive Learning (MCL),Contrastive,ImageNet-1K; Kinetics-400; UCF101,Kinetics-400; UCF101; HMDB51,ImageNet-1K; Kinetics-400; UCF101; HMDB51,2021,ICCV 2021,No,peer_reviewed,10.1109/ICCV48922.2021.00211,2201.04029,https://openaccess.thecvf.com/content/ICCV2021/html/Li_Motion-Focused_Contrastive_Learning_of_Video_Representations_ICCV_2021_paper.html,https://github.com/YihengZhang-CV/MCL-Motion-Focused-Contrastive-Learning,,2026-08-11
On compositions of transformations in contrastive self-supervised learning,"Mandela Patrick, Yuki M. Asano, Polina Kuznetsova, Ruth Fong, João F. Henriques, Geoffrey Zweig, Andrea Vedaldi",Generalized Data Transformations (GDT),Contrastive,Kinetics-400; AudioSet; HowTo100M,UCF101; HMDB51; ESC-50; Kinetics-400,Kinetics-400; AudioSet; HowTo100M; UCF101; HMDB51; ESC-50,2021,ICCV 2021,No,peer_reviewed,,2003.04298,https://openaccess.thecvf.com/content/ICCV2021/html/Patrick_On_Compositions_of_Transformations_in_Contrastive_Self-Supervised_Learning_ICCV_2021_paper.html,https://github.com/facebookresearch/GDT,,2026-08-11
Parameter Efficient Multimodal Transformers for Video Representation Learning,"Lee, S., Yu, Y., Kim, G., Breuel, T., Kautz, J., & Song, Y.",Audio-Visual BERT (AVBERT),Multimodal / Audio-Visual,Kinetics-700; AudioSet,UCF101; ESC-50; Charades; Kinetics-Sounds,Kinetics-700; AudioSet; UCF101; ESC-50; Charades; Kinetics-Sounds,2021,ICLR 2021,No,peer_reviewed,,2012.04124,https://openreview.net/forum?id=6UdQLhqJyFD,,,2026-08-11
Removing the background by adding the background: Towards background robust self-supervised video representation learning,"Jinpeng Wang, Yuting Gao, Ke Li, Yiqi Lin, Andy J. Ma, Hao Cheng, Pai Peng, Feiyue Huang, Rongrong Ji, Xing Sun",Background Erasing (BE),Contrastive,Kinetics-400; UCF101; HMDB51,UCF101; HMDB51; Diving48,Kinetics-400; UCF101; HMDB51; Diving48,2021,CVPR 2021,No,peer_reviewed,,2009.05769,https://openaccess.thecvf.com/content/CVPR2021/html/Wang_Removing_the_Background_by_Adding_the_Background_Towards_Background_Robust_Self-Supervised_CVPR_2021_paper.html,https://github.com/FingerRec/BE,,2026-08-11
RSPNet: Relative Speed Perception for Unsupervised Video Representation Learning,"Peihao Chen, Deng Huang, Dongliang He, Xiang Long, Runhao Zeng, Shilei Wen, Mingkui Tan, Chuang Gan",RSPNet,Pretext / Predictive,UCF101; Kinetics-400,UCF101; HMDB51,UCF101; Kinetics-400; HMDB51,2021,AAAI 2021,No,peer_reviewed,,2011.07949,https://ojs.aaai.org/index.php/AAAI/article/view/16189,https://github.com/PeihaoChen/RSPNet,,2026-08-11
SeCo: Exploring Sequence Supervision for Unsupervised Representation Learning,"Ting Yao, Yiheng Zhang, Zhaofan Qiu, Yingwei Pan, Tao Mei",SeCo,Contrastive,Kinetics-400,Kinetics-400; ActivityNet; OTB-100; UCF101; HMDB51,Kinetics-400; ActivityNet; OTB-100; UCF101; HMDB51,2021,AAAI 2021,No,peer_reviewed,10.1609/aaai.v35i12.17274,2008.00975,https://ojs.aaai.org/index.php/AAAI/article/view/17274,https://github.com/YihengZhang-CV/SeCo-Sequence-Contrastive-Learning,,2026-08-11
Self-supervised learning of compressed video representations,"Youngjae Yu, Sangho Lee, Gunhee Kim, Yale Song",Compressed Video Representation Learning (CVRL-C),Pretext / Predictive,Kinetics-400,Kinetics-400; UCF101; HMDB51,Kinetics-400; UCF101; HMDB51,2021,ICLR 2021,No,peer_reviewed,,,https://openreview.net/forum?id=jMPcEkJpdD,,,2026-08-11
Self-supervised video representation learning by context and motion decoupling,"Lianghua Huang, Yu Liu, Bin Wang, Pan Pan, Yinghui Xu, Rong Jin",Context and Motion Decoupling (CMD),Pretext / Predictive,Kinetics-400,UCF101; HMDB51,Kinetics-400; UCF101; HMDB51,2021,CVPR 2021,No,peer_reviewed,10.1109/CVPR46437.2021.01367,2104.00862,https://openaccess.thecvf.com/content/CVPR2021/html/Huang_Self-Supervised_Video_Representation_Learning_by_Context_and_Motion_Decoupling_CVPR_2021_paper.html,,,2026-08-11
Self-supervised video representation learning with meta-contrastive network,"Yuanze Lin, Xun Guo, Yan Lu",Meta-Contrastive Network (MCN),Contrastive,UCF101; Kinetics-400,UCF101; HMDB51,UCF101; Kinetics-400; HMDB51,2021,ICCV 2021,No,peer_reviewed,10.1109/ICCV48922.2021.00813,,https://openaccess.thecvf.com/content/ICCV2021/html/Lin_Self-Supervised_Video_Representation_Learning_With_Meta-Contrastive_Network_ICCV_2021_paper.html,,,2026-08-11
Self-supervised visual learning by variable playback speeds prediction of a video,"Hyeon Cho, Taehoon Kim, Hyungjin Chang, Wonjun Hwang",Variable Playback Speed Prediction,Pretext / Predictive,UCF101; HMDB51,UCF101; HMDB51,UCF101; HMDB51,2021,IEEE Access 2021,No,peer_reviewed,10.1109/ACCESS.2021.3084840,2003.02692,https://ieeexplore.ieee.org/document/9443174,https://github.com/hyeon-jo/PSPNet,,2026-08-11
Spatiotemporal contrastive video representation learning,"Rui Qian, Tianjian Meng, Boqing Gong, Ming-Hsuan Yang, Huisheng Wang, Serge Belongie, Yin Cui",CVRL,Contrastive,Kinetics-400,Kinetics-400; UCF101; HMDB51; AVA,Kinetics-400; UCF101; HMDB51; AVA,2021,CVPR 2021,No,peer_reviewed,10.1109/CVPR46437.2021.00689,2008.03800,https://openaccess.thecvf.com/content/CVPR2021/html/Qian_Spatio-Temporal_Contrastive_Video_Representation_Learning_CVPR_2021_paper.html,https://github.com/tensorflow/models/tree/master/official/,,2026-08-11
Temporally coherent embeddings for self-supervised video representation learning,"Joshua Knights, Ben Harwood, Daniel Ward, Anthony Vanderkop, Olivia Mackenzie-Ross, Peyman Moghadam",Temporally Coherent Embeddings (TCE),Contrastive,UCF101,UCF101; HMDB51,UCF101; HMDB51,2021,ICPR 2020,No,peer_reviewed,,2004.02753,https://ieeexplore.ieee.org/document/9412071,https://github.com/csiro-robotics/tce,The conference retained the ICPR 2020 name but the IEEE proceedings record was published in 2021.,2026-08-11
Time-equivariant contrastive video representation learning,"Simon Jenni, Hailin Jin",Time-Equivariant Contrastive Learning (TE),Contrastive,Kinetics-400,Kinetics-400; UCF101; HMDB51; FineGym,Kinetics-400; UCF101; HMDB51; FineGym,2021,ICCV 2021,No,peer_reviewed,,2112.03624,https://openaccess.thecvf.com/content/ICCV2021/html/Jenni_Time-Equivariant_Contrastive_Video_Representation_Learning_ICCV_2021_paper.html,,,2026-08-11
Unsupervised video representation learning by bidirectional feature prediction,"Nadine Behrmann, Juergen Gall, Mehdi Noroozi",Bidirectional Feature Prediction (BFP),Pretext / Predictive,UCF101; Kinetics-400,UCF101; HMDB51,UCF101; Kinetics-400; HMDB51,2021,WACV 2021,No,peer_reviewed,,2011.06037,https://openaccess.thecvf.com/content/WACV2021/html/Behrmann_Unsupervised_Video_Representation_Learning_by_Bidirectional_Feature_Prediction_WACV_2021_paper.html,,,2026-08-11
Unsupervised visual representation learning by tracking patches in video,"Guangting Wang, Yizhou Zhou, Chong Luo, Wenxuan Xie, Wenjun Zeng,  Zhiwei Xiong",Catch-the-Patch (CtP),Pretext / Predictive,Kinetics-400,UCF101; HMDB51; Something-Something V1; Something-Something V2,Kinetics-400; UCF101; HMDB51; Something-Something V1; Something-Something V2,2021,CVPR 2021,No,peer_reviewed,,2105.02545,https://openaccess.thecvf.com/content/CVPR2021/html/Wang_Unsupervised_Visual_Representation_Learning_by_Tracking_Patches_in_Video_CVPR_2021_paper.html,https://github.com/microsoft/CtP,,2026-08-11
"VATT: Transformers for multimodal self-supervised learning from raw video, audio and text","Hassan Akbari, Liangzhe Yuan, Rui Qian, Wei-Hong Chuang, Shih-Fu Chang, Yin Cui, Boqing Gong",VATT,Multimodal / Audio-Visual,HowTo100M; AudioSet,Kinetics-400; Kinetics-600; Kinetics-700; Moments in Time V1; ImageNet-1K; AudioSet; YouCook2; MSR-VTT,HowTo100M; AudioSet; Kinetics-400; Kinetics-600; Kinetics-700; Moments in Time V1; ImageNet-1K; YouCook2; MSR-VTT,2021,NeurIPS 2021,Yes,peer_reviewed,,2104.11178,https://proceedings.neurips.cc/paper/2021/hash/cb3213ada48302953cb0f166464ab356-Abstract.html,https://github.com/google-research/google-research/tree/master/vatt,,2026-08-11
Vi2CLR: Video and image for visual contrastive learning of representation,"Ali Diba, Vivek Sharma, Reza Safdari, Dariush Lotfi, M. Saquib Sarfraz,Rainer Stiefelhagen, Luc Van Gool,",Vi2CLR,Contrastive,ImageNet-1K; Kinetics-400,Kinetics-400; UCF101; HMDB51,ImageNet-1K; Kinetics-400; UCF101; HMDB51,2021,ICCV 2021,No,peer_reviewed,,,https://openaccess.thecvf.com/content/ICCV2021/html/Diba_Vi2CLR_Video_and_Image_for_Visual_Contrastive_Learning_of_Representation_ICCV_2021_paper.html,,,2026-08-11
Video contrastive learning with global context,"Haofei Kuang, Yi Zhu, Zhi Zhang, Xinyu Li, Joseph Tighe,Soren Schwertfeger, Cyrill Stachniss, Mu Li",VCLR,Contrastive,Kinetics-400,Kinetics-400; UCF101; HMDB51; ActivityNet; THUMOS14,Kinetics-400; UCF101; HMDB51; ActivityNet; THUMOS14,2021,ICCV Workshops 2021,No,peer_reviewed,,2108.02722,https://openaccess.thecvf.com/content/ICCV2021W/CVEU/html/Kuang_Video_Contrastive_Learning_With_Global_Context_ICCVW_2021_paper.html,https://github.com/amazon-science/video-contrastive-learning,,2026-08-11
VideoMoCo: Contrastive Video Representation Learning with Temporally Adversarial Examples,"Tian Pan, Yibing Song, Tianyu Yang, Wenhao Jiang, Wei Liu",VideoMoCo,Contrastive,Kinetics-400,UCF101; HMDB51,Kinetics-400; UCF101; HMDB51,2021,CVPR 2021,No,peer_reviewed,,2103.05905,https://openaccess.thecvf.com/content/CVPR2021/html/Pan_VideoMoCo_Contrastive_Video_Representation_Learning_With_Temporally_Adversarial_Examples_CVPR_2021_paper.html,https://github.com/tinapan-pt/VideoMoCo,,2026-08-11
VIMPAC: Video Pre-Training via Masked Token Prediction and Contrastive Learning,"Hao Tan, Jie Lei, Thomas Wolf, Mohit Bansal",VIMPAC,Generative / Masked,HowTo100M,Something-Something V2; Diving48; UCF101; HMDB51,HowTo100M; Something-Something V2; Diving48; UCF101; HMDB51,2021,NeurIPS 2021,Yes,peer_reviewed,,2106.11250,https://openreview.net/forum?id=NP9T_pViXU,,,2026-08-11
Watching the World Go By: Representation Learning from Unlabeled Videos,"Daniel Gordon, Kiana Ehsani, Dieter Fox, Ali Farhadi",Video Noise-Contrastive Estimation (VINCE),Contrastive,R2V2; YouTube-8M URL collection; Kinetics-400 URL collection,ImageNet-1K; SUN397; Kinetics-400; GOT-10k; OTB-2015,R2V2; YouTube-8M URL collection; Kinetics-400 URL collection; ImageNet-1K; SUN397; Kinetics-400; GOT-10k; OTB-2015,2021,ICLR 2021,No,peer_reviewed,,2003.07990,https://openreview.net/forum?id=iktA2PtTRsK,,R2V2 is the authors' Random Related Video Views collection; URL-based YouTube-8M and Kinetics-400 collections are reported as variants.,2026-08-11
Watching too much television is good: Self-supervised audio-visual representation learning from movies and tv shows,"Mahdi M. Kalayeh, Nagendra Kamath, Lingyi Liu",Long-form Audio-Visual Contrastive Learning,Multimodal / Audio-Visual,Long-form movies and TV shows,UCF101; HMDB51; ESC-50,Long-form movies and TV shows; UCF101; HMDB51; ESC-50,2021,arXiv / Preprint,No,preprint,,2106.08513,https://arxiv.org/abs/2106.08513,,The training collection is described by media type rather than released as a named benchmark.,2026-08-11
AudioVisual SlowFast Networks for Video Recognition,"Fanyi Xiao, Yong Jae Lee, Kristen Grauman, Jitendra Malik, Christoph Feichtenhofer",AudioVisual SlowFast (AVSlowFast),Multimodal / Audio-Visual,Kinetics-400; Kinetics-600,EPIC-KITCHENS-55; Kinetics-400; Kinetics-600; Kinetics-Sounds; Charades; AVA; UCF101; HMDB51,Kinetics-400; Kinetics-600; EPIC-KITCHENS-55; Kinetics-Sounds; Charades; AVA; UCF101; HMDB51,2020,arXiv / Preprint,No,preprint,,2001.08740,https://arxiv.org/abs/2001.08740,https://github.com/facebookresearch/SlowFast,,2026-08-11
Can temporal information help with contrastive self-supervised learning?,"Yutong Bai, Haoqi Fan, Ishan Misra, Ganesh Venkatesh, Yongyi Lu",Temporal-Aware Contrastive Learning (TaCo),Other / Hybrid,Kinetics-400,UCF101; HMDB51,Kinetics-400; UCF101; HMDB51,2020,arXiv / Preprint,No,preprint,,2011.13046,https://arxiv.org/abs/2011.13046,,,2026-08-11
Contrastive multiview coding,"Yonglong Tian, Dilip Krishnan, Phillip Isola",Contrastive Multiview Coding (CMC),Contrastive,ImageNet-1K; UCF101; NYU Depth V2,ImageNet-1K; ImageNet-100; STL-10; UCF101; HMDB51; NYU Depth V2,ImageNet-1K; UCF101; NYU Depth V2; ImageNet-100; STL-10; HMDB51,2020,ECCV 2020,No,peer_reviewed,10.1007/978-3-030-58621-8_45,1906.05849,https://link.springer.com/chapter/10.1007/978-3-030-58621-8_45,http://github.com/HobbitLong/CMC/,,2026-08-11
Cycle-Contrast for Self-Supervised Video Representation Learning,"Quan Kong, Wenpeng Wei, Ziwei Deng, Tomoaki Yoshinaga, Tomokazu Murakami",Cycle-Contrastive Learning (CCL),Contrastive,UCF101; Kinetics-400,UCF101; HMDB51; MMAct,UCF101; Kinetics-400; HMDB51; MMAct,2020,NeurIPS 2020,Yes,peer_reviewed,,2010.14810,https://proceedings.neurips.cc/paper_files/paper/2020/hash/5c9452254bccd24b8ad0bb1ab4408ad1-Abstract.html,,,2026-08-11
End-to-end learning of visual representations from uncurated instructional videos,"Antoine Miech, Jean-Baptiste Alayrac, Lucas Smaira,Ivan Laptev, Josef Sivic, Andrew Zisserman",Multiple-Instance Noise-Contrastive Estimation (MIL-NCE),Multimodal / Video-Language,HowTo100M,HMDB51; UCF101; Kinetics-700; YouCook2; MSR-VTT; YouTube-8M Segments; CrossTask; COIN,HowTo100M; HMDB51; UCF101; Kinetics-700; YouCook2; MSR-VTT; YouTube-8M Segments; CrossTask; COIN,2020,CVPR 2020,No,peer_reviewed,,1912.06430,https://openaccess.thecvf.com/content_CVPR_2020/html/Miech_End-to-End_Learning_of_Visual_Representations_From_Uncurated_Instructional_Videos_CVPR_2020_paper.html,https://github.com/antoine77340/MIL-NCE_HowTo100M,,2026-08-11
Evolving losses for unsupervised video representation learning,"AJ Piergiovanni, Anelia Angelova, Michael S. Ryoo",Evolving Losses (ELo),Other / Hybrid,YouTube-8M,HMDB51; UCF101; Kinetics-400,YouTube-8M; HMDB51; UCF101; Kinetics-400,2020,CVPR 2020,No,peer_reviewed,10.1109/CVPR42600.2020.00021,,https://openaccess.thecvf.com/content_CVPR_2020/html/Piergiovanni_Evolving_Losses_for_Unsupervised_Video_Representation_Learning_CVPR_2020_paper.html,,Pretraining uses a random two-million-video subset sampled from YouTube-8M.,2026-08-11
"Look, Listen, and Attend: Co-Attention Network for Self-Supervised Audio-Visual Representation Learning","Cheng, Y., Wang, R., Pan, Z., Feng, R., & Zhang, Y.","Look, Listen, and Attend (LLA)",Multimodal / Audio-Visual,AudioSet-240K,AudioSet-240K; AudioSet-750K; Kinetics-400; Kinetics-Sounds; UCF101; HMDB51,AudioSet-240K; AudioSet-750K; Kinetics-400; Kinetics-Sounds; UCF101; HMDB51,2020,ACM Multimedia 2020,No,peer_reviewed,10.1145/3394171.3413869,2008.05789,https://dl.acm.org/doi/10.1145/3394171.3413869,,AudioSet-240K is resegmented without constraining the clips to the original label ontology.,2026-08-11
Memory-augmented dense predictive coding for video representation learning,"Tengda Han, Weidi Xie, Andrew Zisserman",Memory-Augmented Dense Predictive Coding (MemDPC),Pretext / Predictive,UCF101; Kinetics-400; Oops,UCF101; HMDB51; Kinetics-400; Oops,UCF101; Kinetics-400; Oops; HMDB51,2020,ECCV 2020,No,peer_reviewed,10.1007/978-3-030-58580-8_19,2008.01065,https://www.robots.ox.ac.uk/~vgg/research/DPC/,https://github.com/TengdaHan/MemDPC,Oops is used for additional self-supervised adaptation and downstream evaluation in the failure-recognition experiment.,2026-08-11
Pretext-Contrastive Learning: Toward Good Practices in Self-Supervised Video Representation Learning,"Li Tao, Xueting Wang, Toshihiko Yamasaki",Pretext-Contrastive Learning (PCL),Other / Hybrid,UCF101; Kinetics-400,UCF101; HMDB51,UCF101; Kinetics-400; HMDB51,2020,arXiv / Preprint,No,preprint,,2010.15464,https://arxiv.org/abs/2010.15464,https://github.com/BestJuly/Pretext-Contrastive-Learning,,2026-08-11
Self-supervised co-training for video representation learning,"Tengda Han, Weidi Xie, Andrew Zisserman",CoCLR,Contrastive,UCF101; Kinetics-400,UCF101; HMDB51; Kinetics-400,UCF101; Kinetics-400; HMDB51,2020,NeurIPS 2020,Yes,peer_reviewed,,2010.09709,https://proceedings.neurips.cc/paper/2020/hash/3def184ad8f4755ff269862ea77393dd-Abstract.html,https://github.com/TengdaHan/CoCLR,,2026-08-11
Self-supervised learning by cross-modal audio-video clustering,"Humam Alwassel, Dhruv Mahajan, Bruno Korbar ,Lorenzo Torresani, Bernard Ghanem, Du Tran",Cross-Modal Deep Clustering (XDC),Multimodal / Audio-Visual,Kinetics-400; AudioSet; AudioSet-240K; Instagram-65M,UCF101; HMDB51; ESC-50,Kinetics-400; AudioSet; AudioSet-240K; Instagram-65M; UCF101; HMDB51; ESC-50,2020,NeurIPS 2020,Yes,peer_reviewed,,1911.12667,https://proceedings.neurips.cc/paper/2020/hash/6f2268bd1d3d3ebaabb04d6b5d099425-Abstract.html,https://github.com/HumamAlwassel/XDC,"The paper reports AudioSet-240K and Instagram variants, including random and Kinetics-filtered Instagram subsets.",2026-08-11
Self-supervised learning of audio-visual objects from video,"Afouras, T., Owens, A., Chung, J. S., & Zisserman, A.",Audio-Visual Object Discovery,Multimodal / Audio-Visual,LRS2; The Simpsons raw footage; Sesame Street raw footage,LRS2; LRS3; Columbia Active Speaker; The Simpsons; Sesame Street,LRS2; The Simpsons raw footage; Sesame Street raw footage; LRS3; Columbia Active Speaker; The Simpsons; Sesame Street,2020,ECCV 2020,No,peer_reviewed,10.1007/978-3-030-58523-5_13,2008.04237,https://doi.org/10.1007/978-3-030-58523-5_13,,The Simpsons and Sesame Street footage are private or program-specific collections rather than released benchmarks.,2026-08-11
Self-Supervised Learning to Detect Key Frames in Videos,"Xiang Yan,Syed Zulqarnain Gilani,Mingtao Feng ,Liang Zhang,Hanlin Qin and Ajmal Mian",Automatic Key-Frame Detection,Other / Hybrid,UCF101; ImageNet-1K,UCF101; VSUMM,UCF101; ImageNet-1K; VSUMM,2020,Sensors 2020,No,peer_reviewed,10.3390/s20236941,,https://www.mdpi.com/1424-8220/20/23/6941,,ImageNet-1K is supervised VGG-16 initialization; UCF101 supplies the unlabeled key-frame training videos.,2026-08-11
Self-supervised motion representation via scattering local motion cues,"Yuan Tian, Zhaohui Che, Wenbo Bao, Guangtao Zhai, Zhiyong Gao1",Scattering Local Motion Cues,Pretext / Predictive,UCF101; Kinetics-400,UCF101; UCF-Flow; UCF-Pred; Kinetics-400; Kinetics-600; HMDB51,UCF101; Kinetics-400; UCF-Flow; UCF-Pred; Kinetics-600; HMDB51,2020,ECCV 2020,No,peer_reviewed,10.1007/978-3-030-58568-6_5,,https://www.ecva.net/papers/eccv_2020/papers_ECCV/papers/123590069.pdf,,,2026-08-11
Self-supervised multimodal versatile networks,"Jean-Baptiste Alayrac, Adrià Recasens, Rosalia Schneider, Relja Arandjelovic, Jason Ramapuram, Jeffrey De Fauw, Lucas Smaira Sander Dieleman, Andrew Zisserman",Multimodal Versatile Networks (MMV),Multimodal / Audio-Visual,HowTo100M; AudioSet,UCF101; HMDB51; Kinetics-600; ESC-50; AudioSet; MSR-VTT; YouCook2; PASCAL VOC 2007; ImageNet-1K,HowTo100M; AudioSet; UCF101; HMDB51; Kinetics-600; ESC-50; MSR-VTT; YouCook2; PASCAL VOC 2007; ImageNet-1K,2020,NeurIPS 2020,Yes,peer_reviewed,,2006.16228,https://proceedings.neurips.cc/paper/2020/hash/0060ef47b12160b9198302ebdb144dcf-Abstract.html,,,2026-08-11
Self-supervised temporal discriminative learning for video representation learning,"Jinpeng Wang, Yiqi Lin, Andy J. Ma,Pong C. Yuen",Video-Based Temporal-Discriminative Learning (VTDL),Contrastive,UCF101; HMDB51; Kinetics-400,UCF101; HMDB51,UCF101; HMDB51; Kinetics-400,2020,arXiv / Preprint,No,preprint,,2008.02129,https://arxiv.org/abs/2008.02129,https://github.com/FingerRec/Self-Supervised-Temporal-Discriminative-Representation-Learning-for-Video-Action-Recognition,,2026-08-11
Self-supervised video representation learning by maximizing mutual information,"Fei Xue, Hongbing Ji, Wenbo Zhang, Yi Cao",Deep Video InfoMax (DVIM),Contrastive,UCF101,UCF101; HMDB51; ASLAN,UCF101; HMDB51; ASLAN,2020,Signal Processing: Image Communication 2020,No,peer_reviewed,10.1016/j.image.2020.115967,,https://www.sciencedirect.com/science/article/pii/S0923596520301417,,,2026-08-11
Self-supervised video representation learning by pace prediction,"Jiangliu Wang, Jianbo Jiao, Yun-Hui Liu",Pace Prediction,Other / Hybrid,UCF101; Kinetics-400,UCF101; HMDB51,UCF101; Kinetics-400; HMDB51,2020,ECCV 2020,No,peer_reviewed,10.1007/978-3-030-58568-6_31,2008.05861,https://www.robots.ox.ac.uk/~vgg/publications/2020/Wang20/,https://github.com/laura-wang/video-pace,,2026-08-11
Self-supervised video representation learning using inter-intra contrastive framework,"Li Tao, Xueting Wang, Toshihiko Yamasaki",Inter-Intra Contrastive Learning (IIC),Contrastive,UCF101,UCF101; HMDB51,UCF101; HMDB51,2020,ACM Multimedia 2020,No,peer_reviewed,10.1145/3394171.3413694,2008.02531,https://doi.org/10.1145/3394171.3413694,https://github.com/BestJuly/IIC,,2026-08-11
Speech2Action: Cross-Modal Supervision for Action Recognition,"Nagrani, A., Sun, C., Ross, D., Sukthankar, R., Schmid, C., & Zisserman, A.",Speech2Action,Multimodal / Video-Language,IMSDb Screenplays; Speech2Action-mined Movies,HMDB51; AVA; UCF101,IMSDb Screenplays; Speech2Action-mined Movies; HMDB51; AVA; UCF101,2020,CVPR 2020,No,peer_reviewed,,,https://openaccess.thecvf.com/content_CVPR_2020/html/Nagrani_Speech2Action_Cross-Modal_Supervision_for_Action_Recognition_CVPR_2020_paper.html,,The mined pretraining collection contains clips drawn from a large private movie and speech corpus; IMSDb provides screenplay text for the speech-action model.,2026-08-11
SpeedNet: Learning the Speediness in Videos,"Sagie Benaim, Ariel Ephrat, Oran Lang, Inbar Mosseri, William T. Freeman, Michael Rubinstein, Michal Irani, Tali Dekel",SpeedNet,Pretext / Predictive,Kinetics-400,Kinetics-400; Need for Speed; UCF101; HMDB51,Kinetics-400; Need for Speed; UCF101; HMDB51,2020,CVPR 2020,No,peer_reviewed,,2004.06130,https://openaccess.thecvf.com/content_CVPR_2020/html/Benaim_SpeedNet_Learning_the_Speediness_in_Videos_CVPR_2020_paper.html,http://speednet-cvpr20.github.io/,,2026-08-11
UniVL: A Unified Video and Language Pre-Training Model for Multimodal Understanding and Generation,"Luo, H., Ji, L., Shi, B., Huang, H., Duan, N., Li, T., ... & Zhou, M.",UniVL,Multimodal / Video-Language,HowTo100M,YouCook2; MSR-VTT; COIN; CrossTask; CMU-MOSI,HowTo100M; YouCook2; MSR-VTT; COIN; CrossTask; CMU-MOSI,2020,arXiv / Preprint,No,preprint,,2002.06353,https://arxiv.org/abs/2002.06353,,,2026-08-11
Unsupervised learning from video with deep neural embeddings,"Chengxu Zhuang, Tianwei She, Alex Andonian, Max Sobol Mark, Daniel Yamins",Video Instance Embedding (VIE),Contrastive,Kinetics-400,Kinetics-400; ImageNet-1K; UCF101; HMDB51,Kinetics-400; ImageNet-1K; UCF101; HMDB51,2020,CVPR 2020,No,peer_reviewed,,1905.11954,https://openaccess.thecvf.com/content_CVPR_2020/html/Zhuang_Unsupervised_Learning_From_Video_With_Deep_Neural_Embeddings_CVPR_2020_paper.html,https://github.com/neuroailab/VIE,,2026-08-11
Unsupervised learning of video representations via dense trajectory clustering,"Pavel Tokmakov, Martial Hebert, Cordelia Schmid",IDT-Guided Video Local Aggregation,Clustering / Prototypes,Kinetics-400,UCF101; HMDB51,Kinetics-400; UCF101; HMDB51,2020,ECCV Workshops 2020,No,peer_reviewed,10.1007/978-3-030-66096-3_28,2006.15731,https://doi.org/10.1007/978-3-030-66096-3_28,https://github.com/pvtokmakov/video_cluster,"The workshop proceedings appeared online in 2021, but the archival event is ECCV Workshops 2020.",2026-08-11
Video cloze procedure for self-supervised spatio-temporal learning,"Dezhao Luo, Chang Liu, Yu Zhou, Dongbao Yang, Can Ma, Qixiang Ye, Weiping Wang",Video Cloze Procedure (VCP),Pretext / Predictive,UCF101; HMDB51,UCF101; HMDB51,UCF101; HMDB51,2020,AAAI 2020,No,peer_reviewed,10.1609/aaai.v34i07.6840,2001.00294,https://ojs.aaai.org/index.php/AAAI/article/view/6840,https://github.com/BestJuly/VCP,,2026-08-11
Video playback rate perception for self-supervised spatio-temporal representation learning,"Yuan Yao, Chang Liu, Dezhao Luo, Yu Zhou, Qixiang Ye",Playback Rate Perception (PRP),Other / Hybrid,UCF101; HMDB51,UCF101; HMDB51,UCF101; HMDB51,2020,CVPR 2020,No,peer_reviewed,10.1109/CVPR42600.2020.00658,2006.11476,https://openaccess.thecvf.com/content_CVPR_2020/html/Yao_Video_Playback_Rate_Perception_for_Self-Supervised_Spatio-Temporal_Representation_Learning_CVPR_2020_paper.html,https://github.com/yuanyao366/PRP,,2026-08-11
Video representation learning by recognizing temporal transformations,"Simon Jenni, Givi Meishvili, Paolo Favaro",Recognizing Temporal Transformations (RTT),Pretext / Predictive,UCF101; Kinetics-600,UCF101; HMDB51,UCF101; Kinetics-600; HMDB51,2020,ECCV 2020,No,peer_reviewed,10.1007/978-3-030-58604-1_26,2007.10730,https://doi.org/10.1007/978-3-030-58604-1_26,https://github.com/sjenni/temporal-ssl,,2026-08-11
Video representation learning with visual tempo consistency,"Ceyuan Yang, Yinghao Xu, Bo Dai, Bolei Zhou",Visual Tempo Hierarchical Contrastive Learning (VTHCL),Contrastive,Kinetics-400,UCF101; HMDB51; AVA; EPIC-KITCHENS-55,Kinetics-400; UCF101; HMDB51; AVA; EPIC-KITCHENS-55,2020,arXiv / Preprint,No,preprint,,2006.15489,https://arxiv.org/abs/2006.15489,https://github.com/decisionforce/VTHCL,,2026-08-11
DynamoNet: Dynamic Action and Motion Network,"Ali Diba, Vivek Sharma, Luc Van Gool, Rainer Stiefelhagen",DynamoNet,Other / Hybrid,Kinetics-400; UCF101; HMDB51,Kinetics-400; UCF101; HMDB51,Kinetics-400; UCF101; HMDB51,2019,ICCV 2019,No,peer_reviewed,,1904.11407,https://openaccess.thecvf.com/content_ICCV_2019/html/Diba_DynamoNet_Dynamic_Action_and_Motion_Network_ICCV_2019_paper.html,,"The future-prediction branch is self-supervised, but the joint action-classification branch uses labels; training and evaluation are reported dataset-wise.",2026-08-11
Learning Video Representations Using Contrastive Bidirectional Transformer,"Chen Sun, Fabien Baradel, Kevin Murphy, Cordelia Schmid",Contrastive Bidirectional Transformer (CBT),Multimodal / Video-Language,Kinetics-600; HowTo100M,UCF101; HMDB51; ActivityNet; Breakfast; 50Salads; YouCook2; COIN,Kinetics-600; HowTo100M; UCF101; HMDB51; ActivityNet; Breakfast; 50Salads; YouCook2; COIN,2019,arXiv / Preprint,No,preprint,,1906.05743,https://arxiv.org/abs/1906.05743,,Kinetics-600 supports short-term visual pretraining; HowTo100M and its ASR support long-term and cross-modal pretraining. The temporal branch also uses a supervised Kinetics S3D feature extractor and a frozen text BERT checkpoint.,2026-08-11
Self-supervised spatio-temporal representation learning for videos by predicting motion and appearance statistics,"Jiangliu Wang, Jianbo Jiao, Linchao Bao, Shengfeng He, Yunhui Liu, Wei Liu",Motion and Appearance Statistics (MAS),Pretext / Predictive,UCF101; Kinetics-400,UCF101; HMDB51; ASLAN; YUPENN,UCF101; Kinetics-400; HMDB51; ASLAN; YUPENN,2019,CVPR 2019,No,peer_reviewed,10.1109/CVPR.2019.00413,1904.03597,https://openaccess.thecvf.com/content_CVPR_2019/html/Wang_Self-Supervised_Spatio-Temporal_Representation_Learning_for_Videos_by_Predicting_Motion_and_CVPR_2019_paper.html,https://github.com/laura-wang/video_repres_mas,UCF101 is the default self-supervised pretraining set; the paper also reports a Kinetics-400 pretraining variant.,2026-08-11
Self-supervised spatiotemporal learning via video clip order prediction,"Dejing Xu, Jun Xiao, Zhou Zhao, Jian Shao, Di Xie, Yueting Zhuang",Video Clip Order Prediction (VCOP),Pretext / Predictive,UCF101,UCF101; HMDB51,UCF101; HMDB51,2019,CVPR 2019,No,peer_reviewed,,,https://openaccess.thecvf.com/content_CVPR_2019/html/Xu_Self-Supervised_Spatiotemporal_Learning_via_Video_Clip_Order_Prediction_CVPR_2019_paper.html,https://github.com/xudejing/video-clip-order-prediction,,2026-08-11
Self-supervised video representation learning with space-time cubic puzzles,"Dahun Kim, Donghyeon Cho, In So Kweon",Space-Time Cubic Puzzles,Pretext / Predictive,Kinetics-400,UCF101; HMDB51,Kinetics-400; UCF101; HMDB51,2019,AAAI 2019,No,peer_reviewed,10.1609/aaai.v33i01.33018545,1811.09795,https://ojs.aaai.org/index.php/AAAI/article/view/4873,,,2026-08-11
Temporal Cycle-Consistency Learning,"Dwibedi, D., Aytar, Y., Tompson, J., Sermanet, P., & Zisserman, A.",Temporal Cycle-Consistency Learning (TCC),Contrastive,Pouring; Penn Action; ImageNet-1K,Pouring; Penn Action,Pouring; Penn Action; ImageNet-1K,2019,CVPR 2019,No,peer_reviewed,,1904.07846,https://openaccess.thecvf.com/content_CVPR_2019/html/Dwibedi_Temporal_Cycle-Consistency_Learning_CVPR_2019_paper.html,,The paper reports both training from scratch and self-supervised fine-tuning from an ImageNet-1K supervised ResNet-50 initialization.,2026-08-11
Video Jigsaw: Unsupervised Learning of Spatiotemporal Context for Video Action Recognition,"Unaiza Ahsan, Rishi Madhok, Irfan Essa",Video Jigsaw,Pretext / Predictive,Kinetics-400; UCF101,UCF101; HMDB51,Kinetics-400; UCF101; HMDB51,2019,WACV 2019,No,peer_reviewed,10.1109/WACV.2019.00025,1808.07507,https://doi.org/10.1109/WACV.2019.00025,,The main transferable model is pretrained on Kinetics-400; UCF101 is also used in pretraining ablations.,2026-08-11
Video representation learning by dense predictive coding,"Tengda Han, Weidi Xie, Andrew Zisserman",Dense Predictive Coding (DPC),Pretext / Predictive,Kinetics-400,UCF101; HMDB51,Kinetics-400; UCF101; HMDB51,2019,ICCV Workshops 2019,No,peer_reviewed,,1909.04656,https://openaccess.thecvf.com/content_ICCVW_2019/html/HVU/Han_Video_Representation_Learning_by_Dense_Predictive_Coding_ICCVW_2019_paper.html,https://github.com/TengdaHan/DPC,,2026-08-11
VideoBERT: A Joint Model for Video and Language Representation Learning,"Sun, C., Myers, A., Vondrick, C., Murphy, K., & Schmid, C.",VideoBERT,Multimodal / Video-Language,YouTube Cooking-312K; Kinetics-400; BooksCorpus; English Wikipedia,YouCook2,YouTube Cooking-312K; Kinetics-400; BooksCorpus; English Wikipedia; YouCook2,2019,ICCV 2019,No,peer_reviewed,,1904.01766,https://openaccess.thecvf.com/content_ICCV_2019/html/Sun_VideoBERT_A_Joint_Model_for_Video_and_Language_Representation_Learning_ICCV_2019_paper.html,,The 312K-video cooking corpus is a private YouTube collection. Kinetics-400 initializes S3D; BooksCorpus and English Wikipedia initialize the released BERT-Large text checkpoint.,2026-08-11
Audio-Visual Scene Analysis with Self-Supervised Multisensory Features,"Andrew Owens, Alexei A. Efros",Multisensory Temporal Alignment,Multimodal / Audio-Visual,AudioSet-750K; VoxCeleb; VoxCeleb2,UCF101; Kinetics-Sounds; VoxCeleb; GRID,AudioSet-750K; VoxCeleb; VoxCeleb2; UCF101; Kinetics-Sounds; GRID,2018,ECCV 2018,No,peer_reviewed,10.1007/978-3-030-01231-1_39,1804.03641,https://openaccess.thecvf.com/content_ECCV_2018/html/Andrew_Owens_Audio-Visual_Scene_Analysis_ECCV_2018_paper.html,https://github.com/andrewowens/multisensory,"The core multisensory representation is learned from about 750,000 AudioSet videos. VoxCeleb and VoxCeleb2 are used for task-specific source-separation training and GRID for transfer evaluation.",2026-08-11
Compressed Video Action Recognition,"Chao-Yuan Wu, Manzil Zaheer, Hexiang Hu, R. Manmatha, Alexander J. Smola, Philipp Krahenb",Compressed Video Action Recognition (CoViAR),Other / Hybrid,ImageNet-1K,UCF101; HMDB51; Charades,ImageNet-1K; UCF101; HMDB51; Charades,2018,CVPR 2018,No,peer_reviewed,,1712.00636,https://openaccess.thecvf.com/content_cvpr_2018/html/Wu_Compressed_Video_Action_CVPR_2018_paper.html,,This is a supervised action-recognition paper rather than a self-supervised pretraining method. Its component CNNs use supervised ImageNet-1K initialization.,2026-08-11
Cooperative Learning of Audio and Video Models from Self-Supervised Synchronization,"Bruno Korbar, Du Tran, Lorenzo Torresani",Audio-Visual Temporal Synchronization (AVTS),Multimodal / Audio-Visual,Kinetics-400; AudioSet; SoundNet Dataset,Kinetics-400; AudioSet; UCF101; HMDB51; ESC-50; DCASE2014,Kinetics-400; AudioSet; SoundNet Dataset; UCF101; HMDB51; ESC-50; DCASE2014,2018,NeurIPS 2018,Yes,peer_reviewed,,1807.00230,https://proceedings.neurips.cc/paper/2018/hash/c4616f5a24a66668f11ca4fa80525dc4-Abstract.html,,"The paper trains separate AVTS models on Kinetics-400, AudioSet, and the SoundNet collection; downstream experiments cover both visual and audio recognition.",2026-08-11
Geometry Guided Convolutional Neural Networks for Self-Supervised Video Representation Learning,"Chuang Gan, Boqing Gong, Kun Liu, Hao Su, Leonidas J. Guibas",Geometry-Guided CNN,Pretext / Predictive,FlyingChairs; Web 3D Movies,UCF101; HMDB51,FlyingChairs; Web 3D Movies; UCF101; HMDB51,2018,CVPR 2018,No,peer_reviewed,10.1109/CVPR.2018.00586,,https://openaccess.thecvf.com/content_cvpr_2018/html/Gan_Geometry_Guided_Convolutional_CVPR_2018_paper.html,,"Web 3D Movies denotes the authors' private collection of approximately 80 stereoscopic films and 40,000 frame pairs.",2026-08-11
Improving Spatiotemporal Self-Supervision by Deep Reinforcement Learning,"Uta Buchler, Biagio Brattoli, Bjorn Ommer",Reinforcement-Learned Spatiotemporal Permutations,Pretext / Predictive,ImageNet-1K; UCF101,UCF101; HMDB51; ImageNet-1K; PASCAL VOC 2007; PASCAL VOC 2012,ImageNet-1K; UCF101; HMDB51; PASCAL VOC 2007; PASCAL VOC 2012,2018,ECCV 2018,No,peer_reviewed,10.1007/978-3-030-01267-0_47,1807.11293,https://openaccess.thecvf.com/content_ECCV_2018/html/Uta_Buchler_Improving_Spatiotemporal_Self-Supervision_ECCV_2018_paper.html,,"ImageNet-1K supplies images for the spatial ordering task, while UCF101 supplies video frames for the temporal ordering task.",2026-08-11
Learning and Using the Arrow of Time,"Donglai Wei, Joseph Lim, Andrew Zisserman, William T. Freeman",Temporal Class Activation Map Network (T-CAM) / Arrow of Time,Pretext / Predictive,UCF101; Flickr-AoT; Kinetics-AoT,UCF101; HMDB51; Flickr-AoT; Kinetics-AoT; TA180; ReverseFilm,UCF101; Flickr-AoT; Kinetics-AoT; HMDB51; TA180; ReverseFilm,2018,CVPR 2018,No,peer_reviewed,10.1109/CVPR.2018.00840,,https://openaccess.thecvf.com/content_cvpr_2018/html/Wei_Learning_and_Using_CVPR_2018_paper.html,,Flickr-AoT and Kinetics-AoT are constructed for arrow-of-time training and testing; TA180 and ReverseFilm are targeted temporal-asymmetry evaluation sets.,2026-08-11
Self-Supervised Spatiotemporal Feature Learning via Video Rotation Prediction,"Longlong Jing, Xiaodong Yang, Jinggen Liu, Yingli Tian",3DRotNet / Video Rotation Prediction,Pretext / Predictive,Kinetics-400,UCF101; HMDB51,Kinetics-400; UCF101; HMDB51,2018,arXiv / Preprint,No,preprint,,1811.11387,https://arxiv.org/abs/1811.11387,,,2026-08-11
Self-Supervised Video Representation Learning With Odd-One-Out Networks,"Basura Fernando, Hakan Bilen, Efstratios Gavves, Stephen Gould",Odd-One-Out Network (O3N),Pretext / Predictive,UCF101; HMDB51,UCF101; HMDB51,UCF101; HMDB51,2017,CVPR 2017,No,peer_reviewed,10.1109/CVPR.2017.607,1611.06646,https://openaccess.thecvf.com/content_cvpr_2017/html/Fernando_Self-Supervised_Video_Representation_CVPR_2017_paper.html,,Self-supervised feature learning and downstream action classification are reported on UCF101 and HMDB51 without external pretrained weights or optical-flow inputs.,2026-08-11
Unsupervised Representation Learning by Sorting Sequences,"Hsin-Ying Lee, Jia-Bin Huang, Maneesh Singh, Ming-Hsuan Yang",Order Prediction Network (OPN),Pretext / Predictive,UCF101; HMDB51,UCF101; HMDB51; PASCAL VOC 2007,UCF101; HMDB51; PASCAL VOC 2007,2017,ICCV 2017,No,peer_reviewed,10.1109/ICCV.2017.79,1708.01246,https://openaccess.thecvf.com/content_ICCV_2017/papers/Lee_Unsupervised_Representation_Learning_ICCV_2017_paper.pdf,,"The main model is self-supervised on UCF101 and transferred to UCF101, HMDB51, and PASCAL VOC 2007. The paper also reports dataset-specific unsupervised pretraining on HMDB51.",2026-08-11
Shuffle and Learn: Unsupervised Learning Using Temporal Order Verification,"Ishan Misra, C. Lawrence Zitnick, Martial Hebert",Shuffle and Learn / Temporal Order Verification,Pretext / Predictive,UCF101,UCF101; HMDB51; FLIC; MPII,UCF101; HMDB51; FLIC; MPII,2016,ECCV 2016,No,peer_reviewed,10.1007/978-3-319-46448-0_32,1603.08561,https://link.springer.com/chapter/10.1007/978-3-319-46448-0_32,,"The self-supervised model is pretrained on unlabeled UCF101 training videos, then evaluated on action recognition and human pose estimation. A separate experiment combines it with supervised ImageNet-1K initialization.",2026-08-11
